Aces_left,Aces_right,Double Faults_left,Double Faults_right,1st serve percentage_left,1st serve percentage_right,1st serve points won_left,1st serve points won_right,2nd serve points won_left,2nd serve points won_right,Break Points Saved_left,Break Points Saved_right,1st return points won_left,1st return points won_right,2nd return points won_left,2nd return points won_right,Break Points Converted_left,Break Points Converted_right,Winners_left,Winners_right,Unforced errors_left,Unforced errors_right,Net points won_left,Net points won_right,Service Points Won_left,Service Points Won_right,Return Points Won_left,Return Points Won_right,Total Points Won_left,Total Points Won_right,Service games won_left,Service games won_right,Return games won_left,Return games won_right,Total games won_left,Total games won_right,player_left,player_right,date,match_result,match_info,odds_left,odds_right
1,0,0,2,76%,65%,"81%
(30/37)","61%
(19/31)","58%
(7/12)","41%
(7/17)",0/0,0/3,"39%
(12/31)","19%
(7/37)","59%
(10/17)","42%
(5/12)",3/3,0/0,19,4,10,14,"77%
(10/13)","53%
(8/15)","76%
(37/49)","54%
(26/48)","46%
(22/48)","24%
(12/49)","61%
(59/97)","39%
(38/97)","100%
(9/9)","63%
(5/8)","38%
(3/8)","0%
(0/9)","71%
(12/17)","29%
(5/17)",alcaraz-garfia-carlos,medvedev-daniil,19.03.2023 23:10,"2
-
0
FINISHED",indian-wells-2023,,
5,4,1,4,72%,50%,"73%
(38/52)","78%
(28/36)","45%
(9/20)","47%
(17/36)",1/2,4/6,"22%
(8/36)","27%
(14/52)","53%
(19/36)","55%
(11/20)",2/6,1/2,28,15,14,15,"72%
(13/18)","43%
(9/21)","65%
(47/72)","63%
(45/72)","38%
(27/72)","35%
(25/72)","51%
(74/144)","49%
(70/144)","91%
(10/11)","80%
(8/10)","20%
(2/10)","9%
(1/11)","57%
(12/21)","43%
(9/21)",alcaraz-garfia-carlos,sinner-jannik,18.03.2023 23:00,"2
-
0
FINISHED",indian-wells-2023,,
9,3,2,1,59%,59%,"80%
(35/44)","70%
(31/44)","65%
(20/31)","48%
(15/31)",1/3,8/11,"30%
(13/44)","20%
(9/44)","52%
(16/31)","35%
(11/31)",3/11,2/3,30,33,9,23,"39%
(7/18)","64%
(28/44)","73%
(55/75)","61%
(46/75)","39%
(29/75)","27%
(20/75)","56%
(84/150)","44%
(66/150)","83%
(10/12)","75%
(9/12)","25%
(3/12)","17%
(2/12)","54%
(13/24)","46%
(11/24)",medvedev-daniil,tiafoe-frances,18.03.2023 20:45,"2
-
0
FINISHED",indian-wells-2023,,
2,6,2,6,62%,56%,"81%
(29/36)","70%
(32/46)","59%
(13/22)","42%
(15/36)",3/4,9/12,"30%
(14/46)","19%
(7/36)","58%
(21/36)","41%
(9/22)",3/12,1/4,26,24,8,13,"69%
(11/16)","58%
(11/19)","72%
(42/58)","57%
(47/82)","43%
(35/82)","28%
(16/58)","55%
(77/140)","45%
(63/140)","90%
(9/10)","70%
(7/10)","30%
(3/10)","10%
(1/10)","60%
(12/20)","40%
(8/20)",alcaraz-garfia-carlos,auger-aliassime-felix,17.03.2023 01:35,"2
-
0
FINISHED",indian-wells-2023,,
4,5,0,1,54%,64%,"70%
(35/50)","80%
(45/56)","55%
(23/42)","47%
(15/32)",6/9,1/3,"20%
(11/56)","30%
(15/50)","53%
(17/32)","45%
(19/42)",2/3,3/9,25,32,17,17,"50%
(6/12)","83%
(15/18)","63%
(58/92)","68%
(60/88)","32%
(28/88)","37%
(34/92)","48%
(86/180)","52%
(94/180)","80%
(12/15)","87%
(13/15)","13%
(2/15)","20%
(3/15)","47%
(14/30)","53%
(16/30)",fritz-taylor,sinner-jannik,16.03.2023 22:55,"1
-
2
FINISHED",indian-wells-2023,,
4,1,7,0,56%,71%,"85%
(33/39)","64%
(34/53)","55%
(17/31)","50%
(11/22)",6/6,5/7,"36%
(19/53)","15%
(6/39)","50%
(11/22)","45%
(14/31)",2/7,0/6,24,24,12,24,"70%
(14/20)","61%
(14/23)","71%
(50/70)","60%
(45/75)","40%
(30/75)","29%
(20/70)","55%
(80/145)","45%
(65/145)","100%
(11/11)","80%
(8/10)","20%
(2/10)","0%
(0/11)","62%
(13/21)","38%
(8/21)",medvedev-daniil,davidovich-fokina-alejandro,15.03.2023 22:10,"2
-
0
FINISHED",indian-wells-2023,,
7,4,3,2,54%,53%,"72%
(23/32)","77%
(24/31)","41%
(11/27)","56%
(15/27)",5/9,5/7,"23%
(7/31)","28%
(9/32)","44%
(12/27)","59%
(16/27)",2/7,4/9,21,22,14,9,"44%
(7/16)","80%
(12/15)","58%
(34/59)","67%
(39/58)","33%
(19/58)","42%
(25/59)","45%
(53/117)","55%
(64/117)","60%
(6/10)","80%
(8/10)","20%
(2/10)","40%
(4/10)","40%
(8/20)","60%
(12/20)",norrie-cameron,tiafoe-frances,15.03.2023 18:15,"0
-
2
FINISHED",indian-wells-2023,,
0,12,4,7,69%,58%,"69%
(50/72)","78%
(43/55)","52%
(17/33)","53%
(21/40)",6/8,7/9,"22%
(12/55)","31%
(22/72)","48%
(19/40)","48%
(16/33)",2/9,2/8,13,31,17,31,"70%
(16/23)","65%
(17/26)","64%
(67/105)","67%
(64/95)","33%
(31/95)","36%
(38/105)","49%
(98/200)","51%
(102/200)","87%
(13/15)","87%
(13/15)","13%
(2/15)","13%
(2/15)","50%
(15/30)","50%
(15/30)",paul-tommy,auger-aliassime-felix,15.03.2023 03:55,"1
-
2
FINISHED",indian-wells-2023,,
5,1,0,1,48%,54%,"68%
(21/31)","59%
(20/34)","61%
(20/33)","38%
(11/29)",8/9,10/14,"41%
(14/34)","32%
(10/31)","62%
(18/29)","39%
(13/33)",4/14,1/9,13,9,14,21,"67%
(8/12)","67%
(8/12)","64%
(41/64)","49%
(31/63)","51%
(32/63)","36%
(23/64)","57%
(73/127)","43%
(54/127)","89%
(8/9)","50%
(4/8)","50%
(4/8)","11%
(1/9)","71%
(12/17)","29%
(5/17)",sinner-jannik,wawrinka-stan,15.03.2023 03:25,"2
-
0
FINISHED",indian-wells-2023,,
3,1,0,1,74%,65%,"80%
(16/20)","50%
(11/22)","86%
(6/7)","33%
(4/12)",3/3,2/5,"50%
(11/22)","20%
(4/20)","67%
(8/12)","14%
(1/7)",3/5,0/3,17,4,6,12,"67%
(4/6)","60%
(3/5)","81%
(22/27)","44%
(15/34)","56%
(19/34)","19%
(5/27)","67%
(41/61)","33%
(20/61)","100%
(5/5)","40%
(2/5)","60%
(3/5)","0%
(0/5)","80%
(8/10)","20%
(2/10)",alcaraz-garfia-carlos,draper-jack,15.03.2023 02:30,"1
-
0
FINISHED / RETIRED -
DRAPER J.",indian-wells-2023,,
6,5,4,1,61%,65%,"77%
(33/43)","71%
(25/35)","50%
(14/28)","47%
(9/19)",5/6,0/3,"29%
(10/35)","23%
(10/43)","53%
(10/19)","50%
(14/28)",3/3,1/6,22,25,11,8,"83%
(10/12)","36%
(8/22)","66%
(47/71)","63%
(34/54)","37%
(20/54)","34%
(24/71)","54%
(67/125)","46%
(58/125)","90%
(9/10)","70%
(7/10)","30%
(3/10)","10%
(1/10)","60%
(12/20)","40%
(8/20)",tiafoe-frances,tabilo-alejandro,14.03.2023 23:10,"2
-
0
FINISHED",indian-wells-2023,,
2,4,4,1,61%,57%,"69%
(33/48)","74%
(23/31)","55%
(17/31)","35%
(8/23)",3/4,2/5,"26%
(8/31)","31%
(15/48)","65%
(15/23)","45%
(14/31)",3/5,1/4,21,27,15,16,"88%
(7/8)","46%
(6/13)","63%
(50/79)","57%
(31/54)","43%
(23/54)","37%
(29/79)","55%
(73/133)","45%
(60/133)","90%
(9/10)","67%
(6/9)","33%
(3/9)","10%
(1/10)","63%
(12/19)","37%
(7/19)",fritz-taylor,fucsovics-marton,14.03.2023 21:50,"2
-
0
FINISHED",indian-wells-2023,,
8,2,2,2,50%,60%,"73%
(19/26)","79%
(26/33)","31%
(8/26)","41%
(9/22)",0/5,3/5,"21%
(7/33)","27%
(7/26)","59%
(13/22)","69%
(18/26)",2/5,5/5,22,15,15,11,"70%
(7/10)","57%
(4/7)","52%
(27/52)","64%
(35/55)","36%
(20/55)","48%
(25/52)","44%
(47/107)","56%
(60/107)","44%
(4/9)","78%
(7/9)","22%
(2/9)","56%
(5/9)","33%
(6/18)","67%
(12/18)",rublev-andrey,norrie-cameron,14.03.2023 21:15,"0
-
2
FINISHED",indian-wells-2023,,
12,7,5,3,66%,75%,"75%
(65/87)","71%
(66/93)","55%
(24/44)","55%
(17/31)",15/17,5/8,"29%
(27/93)","25%
(22/87)","45%
(14/31)","45%
(20/44)",3/8,2/17,54,57,27,24,"79%
(23/29)","64%
(30/47)","68%
(89/131)","67%
(83/124)","33%
(41/124)","32%
(42/131)","51%
(130/255)","49%
(125/255)","89%
(16/18)","83%
(15/18)","17%
(3/18)","11%
(2/18)","53%
(19/36)","47%
(17/36)",medvedev-daniil,zverev-alexander,14.03.2023 18:15,"2
-
1
FINISHED",indian-wells-2023,,
5,1,0,2,54%,64%,"71%
(22/31)","64%
(23/36)","58%
(15/26)","40%
(8/20)",1/3,1/5,"36%
(13/36)","29%
(9/31)","60%
(12/20)","42%
(11/26)",4/5,2/3,20,10,13,13,"80%
(8/10)","70%
(7/10)","65%
(37/57)","55%
(31/56)","45%
(25/56)","35%
(20/57)","55%
(62/113)","45%
(51/113)","80%
(8/10)","56%
(5/9)","44%
(4/9)","20%
(2/10)","63%
(12/19)","37%
(7/19)",davidovich-fokina-alejandro,garin-cristian,14.03.2023 18:10,"2
-
0
FINISHED",indian-wells-2023,,
0,1,3,3,61%,67%,"75%
(33/44)","72%
(33/46)","68%
(19/28)","52%
(12/23)",2/2,3/4,"28%
(13/46)","25%
(11/44)","48%
(11/23)","32%
(9/28)",1/4,0/2,13,11,6,15,"64%
(7/11)","73%
(8/11)","72%
(52/72)","65%
(45/69)","35%
(24/69)","28%
(20/72)","54%
(76/141)","46%
(65/141)","100%
(11/11)","90%
(9/10)","10%
(1/10)","0%
(0/11)","57%
(12/21)","43%
(9/21)",alcaraz-garfia-carlos,griekspoor-tallon,14.03.2023 03:40,"2
-
0
FINISHED",indian-wells-2023,,
8,3,1,5,62%,58%,"73%
(29/40)","68%
(30/44)","68%
(17/25)","47%
(15/32)",4/5,7/10,"32%
(14/44)","28%
(11/40)","53%
(17/32)","32%
(8/25)",3/10,1/5,31,18,12,21,"69%
(18/26)","33%
(5/15)","71%
(46/65)","59%
(45/76)","41%
(31/76)","29%
(19/65)","55%
(77/141)","45%
(64/141)","90%
(9/10)","70%
(7/10)","30%
(3/10)","10%
(1/10)","60%
(12/20)","40%
(8/20)",draper-jack,murray-andy,14.03.2023 01:20,"2
-
0
FINISHED",indian-wells-2023,,
6,1,4,2,54%,53%,"82%
(27/33)","71%
(27/38)","79%
(22/28)","62%
(21/34)",0/0,1/2,"29%
(11/38)","18%
(6/33)","38%
(13/34)","21%
(6/28)",1/2,0/0,15,9,18,15,"71%
(5/7)","50%
(5/10)","80%
(49/61)","67%
(48/72)","33%
(24/72)","20%
(12/61)","55%
(73/133)","45%
(60/133)","100%
(11/11)","91%
(10/11)","9%
(1/11)","0%
(0/11)","55%
(12/22)","45%
(10/22)",sinner-jannik,mannarino-adrian,13.03.2023 23:25,"2
-
0
FINISHED",indian-wells-2023,,
4,0,2,1,57%,65%,"88%
(21/24)","47%
(15/32)","28%
(5/18)","24%
(4/17)",2/4,6/12,"53%
(17/32)","13%
(3/24)","76%
(13/17)","72%
(13/18)",6/12,2/4,20,8,16,14,"72%
(13/18)","44%
(4/9)","62%
(26/42)","39%
(19/49)","61%
(30/49)","38%
(16/42)","62%
(56/91)","38%
(35/91)","75%
(6/8)","14%
(1/7)","86%
(6/7)","25%
(2/8)","80%
(12/15)","20%
(3/15)",fritz-taylor,baez-sebastian,13.03.2023 22:35,"2
-
0
FINISHED",indian-wells-2023,,
0,1,2,0,59%,57%,"80%
(24/30)","92%
(22/24)","38%
(8/21)","78%
(14/18)",3/6,0/0,"8%
(2/24)","20%
(6/30)","22%
(4/18)","62%
(13/21)",0/0,3/6,6,19,17,6,"33%
(2/6)","78%
(7/9)","63%
(32/51)","86%
(36/42)","14%
(6/42)","37%
(19/51)","41%
(38/93)","59%
(55/93)","67%
(6/9)","100%
(9/9)","0%
(0/9)","33%
(3/9)","33%
(6/18)","67%
(12/18)",molcan-alex,fucsovics-marton,13.03.2023 22:30,"0
-
2
FINISHED",indian-wells-2023,,
12,6,1,6,57%,55%,"74%
(43/58)","64%
(39/61)","61%
(27/44)","47%
(23/49)",6/8,3/8,"36%
(22/61)","26%
(15/58)","53%
(26/49)","39%
(17/44)",5/8,2/8,43,32,21,31,"68%
(19/28)","60%
(21/35)","69%
(70/102)","56%
(62/110)","44%
(48/110)","31%
(32/102)","56%
(118/212)","44%
(94/212)","88%
(14/16)","69%
(11/16)","31%
(5/16)","13%
(2/16)","59%
(19/32)","41%
(13/32)",wawrinka-stan,rune-holger,13.03.2023 20:30,"2
-
1
FINISHED",indian-wells-2023,,
2,6,3,8,68%,49%,"70%
(30/43)","76%
(31/41)","40%
(8/20)","50%
(21/42)",4/8,5/7,"24%
(10/41)","30%
(13/43)","50%
(21/42)","60%
(12/20)",2/7,4/8,13,20,20,28,"33%
(2/6)","85%
(11/13)","60%
(38/63)","63%
(52/83)","37%
(31/83)","40%
(25/63)","47%
(69/146)","53%
(77/146)","64%
(7/11)","82%
(9/11)","18%
(2/11)","36%
(4/11)","41%
(9/22)","59%
(13/22)",cerundolo-francisco,auger-aliassime-felix,13.03.2023 18:10,"0
-
2
FINISHED",indian-wells-2023,,
8,6,3,5,54%,67%,"75%
(33/44)","81%
(47/58)","49%
(18/37)","41%
(12/29)",6/10,6/8,"19%
(11/58)","25%
(11/44)","59%
(17/29)","51%
(19/37)",2/8,4/10,20,26,15,19,"53%
(10/19)","90%
(18/20)","63%
(51/81)","68%
(59/87)","32%
(28/87)","37%
(30/81)","47%
(79/168)","53%
(89/168)","71%
(10/14)","86%
(12/14)","14%
(2/14)","29%
(4/14)","43%
(12/28)","57%
(16/28)",hurkacz-hubert,paul-tommy,13.03.2023 18:10,"1
-
2
FINISHED",indian-wells-2023,,
7,5,5,2,65%,59%,"75%
(45/60)","65%
(22/34)","41%
(13/32)","58%
(14/24)",7/8,0/2,"35%
(12/34)","25%
(15/60)","42%
(10/24)","59%
(19/32)",2/2,1/8,22,21,17,14,"50%
(8/16)","56%
(14/25)","63%
(58/92)","62%
(36/58)","38%
(22/58)","37%
(34/92)","53%
(80/150)","47%
(70/150)","91%
(10/11)","80%
(8/10)","20%
(2/10)","9%
(1/11)","57%
(12/21)","43%
(9/21)",tabilo-alejandro,thompson-jordan,13.03.2023 02:10,"2
-
0
FINISHED",indian-wells-2023,,
8,1,6,4,62%,68%,"74%
(35/47)","65%
(30/46)","48%
(14/29)","36%
(8/22)",6/7,8/13,"35%
(16/46)","26%
(12/47)","64%
(14/22)","52%
(15/29)",5/13,1/7,26,27,19,20,"56%
(10/18)","74%
(25/34)","65%
(49/75)","56%
(38/68)","44%
(30/68)","35%
(26/75)","55%
(79/143)","45%
(64/143)","91%
(10/11)","58%
(7/12)","42%
(5/12)","9%
(1/11)","65%
(15/23)","35%
(8/23)",medvedev-daniil,ivashka-ilya,13.03.2023 01:15,"2
-
1
FINISHED",indian-wells-2023,,
4,4,0,4,77%,44%,"78%
(31/40)","77%
(23/30)","58%
(7/12)","45%
(17/38)",0/1,2/6,"23%
(7/30)","23%
(9/40)","55%
(21/38)","42%
(5/12)",4/6,1/1,15,12,14,18,"33%
(1/3)","40%
(2/5)","73%
(38/52)","59%
(40/68)","41%
(28/68)","27%
(14/52)","55%
(66/120)","45%
(54/120)","90%
(9/10)","64%
(7/11)","36%
(4/11)","10%
(1/10)","62%
(13/21)","38%
(8/21)",rublev-andrey,humbert-ugo,12.03.2023 23:55,"2
-
0
FINISHED",indian-wells-2023,,
9,1,1,1,73%,52%,"77%
(33/43)","86%
(19/22)","50%
(8/16)","25%
(5/20)",1/1,1/4,"14%
(3/22)","23%
(10/43)","75%
(15/20)","50%
(8/16)",3/4,0/1,20,16,3,5,"56%
(10/18)","56%
(5/9)","69%
(41/59)","57%
(24/42)","43%
(18/42)","31%
(18/59)","58%
(59/101)","42%
(42/101)","100%
(9/9)","63%
(5/8)","38%
(3/8)","0%
(0/9)","71%
(12/17)","29%
(5/17)",tiafoe-frances,kubler-jason,12.03.2023 23:45,"2
-
0
FINISHED",indian-wells-2023,,
4,3,1,5,62%,52%,"66%
(38/58)","63%
(27/43)","46%
(16/35)","53%
(21/40)",7/11,6/10,"37%
(16/43)","34%
(20/58)","48%
(19/40)","54%
(19/35)",4/10,4/11,17,35,12,27,"60%
(12/20)","86%
(12/14)","58%
(54/93)","58%
(48/83)","42%
(35/83)","42%
(39/93)","51%
(89/176)","49%
(87/176)","69%
(9/13)","69%
(9/13)","31%
(4/13)","31%
(4/13)","50%
(13/26)","50%
(13/26)",khachanov-karen,davidovich-fokina-alejandro,12.03.2023 21:20,"1
-
2
FINISHED",indian-wells-2023,,
4,8,1,1,69%,61%,"75%
(49/65)","66%
(41/62)","45%
(13/29)","54%
(21/39)",9/13,9/13,"34%
(21/62)","25%
(16/65)","46%
(18/39)","55%
(16/29)",4/13,4/13,24,26,29,28,"77%
(10/13)","78%
(7/9)","66%
(62/94)","61%
(62/101)","39%
(39/101)","34%
(32/94)","52%
(101/195)","48%
(94/195)","75%
(12/16)","73%
(11/15)","27%
(4/15)","25%
(4/16)","52%
(16/31)","48%
(15/31)",ruusuvuori-emil,zverev-alexander,12.03.2023 20:30,"1
-
2
FINISHED",indian-wells-2023,,
8,11,4,1,63%,69%,"59%
(39/66)","75%
(51/68)","44%
(17/39)","40%
(12/30)",3/10,1/5,"25%
(17/68)","41%
(27/66)","60%
(18/30)","56%
(22/39)",4/5,7/10,29,50,15,25,"100%
(6/6)","74%
(26/35)","53%
(56/105)","64%
(63/98)","36%
(35/98)","47%
(49/105)","45%
(91/203)","55%
(112/203)","56%
(9/16)","75%
(12/16)","25%
(4/16)","44%
(7/16)","41%
(13/32)","59%
(19/32)",daniel-taro,norrie-cameron,12.03.2023 18:15,"1
-
2
FINISHED",indian-wells-2023,,
5,3,3,2,58%,60%,"80%
(36/45)","69%
(33/48)","52%
(17/33)","53%
(17/32)",3/4,5/7,"31%
(15/48)","20%
(9/45)","47%
(15/32)","48%
(16/33)",2/7,1/4,39,17,24,17,"78%
(18/23)","83%
(5/6)","68%
(53/78)","63%
(50/80)","38%
(30/80)","32%
(25/78)","53%
(83/158)","47%
(75/158)","91%
(10/11)","82%
(9/11)","18%
(2/11)","9%
(1/11)","55%
(12/22)","45%
(10/22)",garin-cristian,ruud-casper,12.03.2023 18:10,"2
-
0
FINISHED",indian-wells-2023,,
1,6,1,2,64%,58%,"82%
(23/28)","68%
(23/34)","88%
(14/16)","48%
(12/25)",0/0,6/9,"32%
(11/34)","18%
(5/28)","52%
(13/25)","13%
(2/16)",3/9,0/0,21,10,9,15,"70%
(7/10)","50%
(1/2)","84%
(37/44)","59%
(35/59)","41%
(24/59)","16%
(7/44)","59%
(61/103)","41%
(42/103)","100%
(9/9)","67%
(6/9)","33%
(3/9)","0%
(0/9)","67%
(12/18)","33%
(6/18)",alcaraz-garfia-carlos,kokkinakis-thanasi,12.03.2023 04:25,"2
-
0
FINISHED",indian-wells-2023,,
2,3,1,3,61%,66%,"71%
(22/31)","79%
(33/42)","65%
(13/20)","64%
(14/22)",3/5,0/0,"21%
(9/42)","29%
(9/31)","36%
(8/22)","35%
(7/20)",0/0,2/5,10,17,13,10,"54%
(7/13)","87%
(13/15)","69%
(35/51)","73%
(47/64)","27%
(17/64)","31%
(16/51)","45%
(52/115)","55%
(63/115)","80%
(8/10)","100%
(11/11)","0%
(0/11)","20%
(2/10)","38%
(8/21)","62%
(13/21)",mcdonald-mackenzie,rune-holger,12.03.2023 02:30,"0
-
2
FINISHED",indian-wells-2023,,
1,1,3,0,60%,88%,"59%
(17/29)","77%
(27/35)","26%
(5/19)","40%
(2/5)",3/8,0/1,"23%
(8/35)","41%
(12/29)","60%
(3/5)","74%
(14/19)",1/1,5/8,11,6,17,7,"40%
(4/10)","22%
(2/9)","46%
(22/48)","73%
(29/40)","28%
(11/40)","54%
(26/48)","38%
(33/88)","63%
(55/88)","38%
(3/8)","88%
(7/8)","13%
(1/8)","63%
(5/8)","25%
(4/16)","75%
(12/16)",hijikata-rinky,baez-sebastian,12.03.2023 01:45,"0
-
2
FINISHED",indian-wells-2023,,
9,2,1,3,66%,59%,"75%
(30/40)","73%
(22/30)","62%
(13/21)","43%
(9/21)",2/2,4/7,"27%
(8/30)","25%
(10/40)","57%
(12/21)","38%
(8/21)",3/7,0/2,19,20,6,11,"71%
(10/14)","88%
(15/17)","70%
(43/61)","61%
(31/51)","39%
(20/51)","30%
(18/61)","56%
(63/112)","44%
(49/112)","100%
(9/9)","67%
(6/9)","33%
(3/9)","0%
(0/9)","67%
(12/18)","33%
(6/18)",hurkacz-hubert,popyrin-alexei,12.03.2023 01:10,"2
-
0
FINISHED",indian-wells-2023,,
4,4,0,2,58%,59%,"79%
(34/43)","85%
(41/48)","84%
(26/31)","47%
(16/34)",0/1,2/4,"15%
(7/48)","21%
(9/43)","53%
(18/34)","16%
(5/31)",2/4,1/1,24,24,18,24,"82%
(14/17)","70%
(23/33)","81%
(60/74)","70%
(57/82)","30%
(25/82)","19%
(14/74)","54%
(85/156)","46%
(71/156)","93%
(14/15)","86%
(12/14)","14%
(2/14)","7%
(1/15)","55%
(16/29)","45%
(13/29)",fritz-taylor,shelton-ben,11.03.2023 23:10,"2
-
1
FINISHED",indian-wells-2023,,
3,3,1,1,64%,52%,"65%
(39/60)","65%
(22/34)","47%
(16/34)","38%
(12/32)",10/12,3/7,"35%
(12/34)","35%
(21/60)","63%
(20/32)","53%
(18/34)",4/7,2/12,22,16,25,28,"71%
(22/31)","67%
(8/12)","59%
(55/94)","52%
(34/66)","48%
(32/66)","41%
(39/94)","54%
(87/160)","46%
(73/160)","80%
(8/10)","60%
(6/10)","40%
(4/10)","20%
(2/10)","60%
(12/20)","40%
(8/20)",mannarino-adrian,musetti-lorenzo,11.03.2023 23:10,"2
-
0
FINISHED",indian-wells-2023,,
2,14,1,3,56%,68%,"70%
(30/43)","77%
(43/56)","50%
(17/34)","42%
(11/26)",2/4,0/2,"23%
(13/56)","30%
(13/43)","58%
(15/26)","50%
(17/34)",2/2,2/4,14,39,21,30,"64%
(7/11)","48%
(11/23)","61%
(47/77)","66%
(54/82)","34%
(28/82)","39%
(30/77)","47%
(75/159)","53%
(84/159)","83%
(10/12)","83%
(10/12)","17%
(2/12)","17%
(2/12)","50%
(12/24)","50%
(12/24)",pella-guido,griekspoor-tallon,11.03.2023 23:00,"0
-
2
FINISHED",indian-wells-2023,,
4,10,3,8,60%,59%,"67%
(35/52)","69%
(38/55)","63%
(22/35)","53%
(20/38)",2/4,3/6,"31%
(17/55)","33%
(17/52)","47%
(18/38)","37%
(13/35)",3/6,2/4,26,18,27,33,"83%
(15/18)","60%
(12/20)","66%
(57/87)","62%
(58/93)","38%
(35/93)","34%
(30/87)","51%
(92/180)","49%
(88/180)","87%
(13/15)","79%
(11/14)","21%
(3/14)","13%
(2/15)","55%
(16/29)","45%
(13/29)",cerundolo-francisco,sock-jack,11.03.2023 22:50,"2
-
1
FINISHED",indian-wells-2023,,
6,1,0,0,69%,57%,"83%
(29/35)","60%
(24/40)","69%
(11/16)","53%
(16/30)",0/0,9/11,"40%
(16/40)","17%
(6/35)","47%
(14/30)","31%
(5/16)",2/11,0/0,17,12,10,15,"60%
(3/5)","63%
(5/8)","78%
(40/51)","57%
(40/70)","43%
(30/70)","22%
(11/51)","58%
(70/121)","42%
(51/121)","100%
(10/10)","78%
(7/9)","22%
(2/9)","0%
(0/10)","63%
(12/19)","37%
(7/19)",murray-andy,albot-radu,11.03.2023 21:55,"2
-
0
FINISHED",indian-wells-2023,,
4,1,0,6,72%,45%,"61%
(23/38)","74%
(20/27)","47%
(7/15)","18%
(6/33)",1/4,2/8,"26%
(7/27)","39%
(15/38)","82%
(27/33)","53%
(8/15)",6/8,3/4,11,3,3,11,"67%
(2/3)","50%
(3/6)","57%
(30/53)","43%
(26/60)","57%
(34/60)","43%
(23/53)","57%
(64/113)","43%
(49/113)","67%
(6/9)","33%
(3/9)","67%
(6/9)","33%
(3/9)","67%
(12/18)","33%
(6/18)",fucsovics-marton,de-minaur-alex,11.03.2023 21:30,"2
-
0
FINISHED",indian-wells-2023,,
3,6,4,0,56%,71%,"69%
(25/36)","65%
(24/37)","32%
(9/28)","87%
(13/15)",8/12,3/4,"35%
(13/37)","31%
(11/36)","13%
(2/15)","68%
(19/28)",1/4,4/12,8,13,5,1,"60%
(3/5)","0%
(0/1)","53%
(34/64)","71%
(37/52)","29%
(15/52)","47%
(30/64)","42%
(49/116)","58%
(67/116)","56%
(5/9)","89%
(8/9)","11%
(1/9)","44%
(4/9)","33%
(6/18)","67%
(12/18)",struff-jan-lennard,paul-tommy,11.03.2023 21:10,"0
-
2
FINISHED",indian-wells-2023,,
3,1,3,5,58%,64%,"58%
(21/36)","67%
(35/52)","42%
(11/26)","45%
(13/29)",5/9,8/9,"33%
(17/52)","42%
(15/36)","55%
(16/29)","58%
(15/26)",1/9,4/9,13,7,16,11,"75%
(9/12)","0%
(0/2)","52%
(32/62)","59%
(48/81)","41%
(33/81)","48%
(30/62)","45%
(65/143)","55%
(78/143)","56%
(5/9)","89%
(8/9)","11%
(1/9)","44%
(4/9)","33%
(6/18)","67%
(12/18)",coric-borna,molcan-alex,11.03.2023 20:55,"0
-
2
FINISHED",indian-wells-2023,,
4,13,3,3,56%,52%,"68%
(30/44)","88%
(30/34)","50%
(17/34)","61%
(19/31)",3/5,1/2,"12%
(4/34)","32%
(14/44)","39%
(12/31)","50%
(17/34)",1/2,2/5,7,25,10,11,"50%
(2/4)","89%
(8/9)","60%
(47/78)","75%
(49/65)","25%
(16/65)","40%
(31/78)","44%
(63/143)","56%
(80/143)","82%
(9/11)","91%
(10/11)","9%
(1/11)","18%
(2/11)","45%
(10/22)","55%
(12/22)",kecmanovic-miomir,wawrinka-stan,11.03.2023 20:35,"0
-
2
FINISHED",indian-wells-2023,,
2,8,5,6,47%,57%,"61%
(17/28)","69%
(31/45)","47%
(15/32)","47%
(16/34)",6/10,10/11,"31%
(14/45)","39%
(11/28)","53%
(18/34)","53%
(17/32)",1/11,4/10,14,22,21,20,"68%
(13/19)","74%
(14/19)","53%
(32/60)","59%
(47/79)","41%
(32/79)","47%
(28/60)","46%
(64/139)","54%
(75/139)","56%
(5/9)","89%
(8/9)","11%
(1/9)","44%
(4/9)","33%
(6/18)","67%
(12/18)",evans-daniel,draper-jack,11.03.2023 19:10,"0
-
2
FINISHED",indian-wells-2023,,
0,10,4,4,68%,49%,"58%
(42/72)","82%
(27/33)","56%
(19/34)","57%
(20/35)",15/17,0/1,"18%
(6/33)","42%
(30/72)","43%
(15/35)","44%
(15/34)",1/1,2/17,9,29,17,25,"53%
(8/15)","75%
(12/16)","58%
(61/106)","69%
(47/68)","31%
(21/68)","42%
(45/106)","47%
(82/174)","53%
(92/174)","82%
(9/11)","91%
(10/11)","9%
(1/11)","18%
(2/11)","45%
(10/22)","55%
(12/22)",martinez-pedro,auger-aliassime-felix,11.03.2023 19:10,"0
-
2
FINISHED",indian-wells-2023,,
9,5,1,4,53%,58%,"89%
(31/35)","76%
(29/38)","55%
(17/31)","39%
(11/28)",1/2,2/4,"24%
(9/38)","11%
(4/35)","61%
(17/28)","45%
(14/31)",2/4,1/2,28,8,12,14,"73%
(8/11)","57%
(4/7)","73%
(48/66)","61%
(40/66)","39%
(26/66)","27%
(18/66)","56%
(74/132)","44%
(58/132)","91%
(10/11)","80%
(8/10)","20%
(2/10)","9%
(1/11)","57%
(12/21)","43%
(9/21)",sinner-jannik,gasquet-richard,11.03.2023 19:10,"2
-
0
FINISHED",indian-wells-2023,,
5,1,0,4,58%,58%,"76%
(22/29)","67%
(26/39)","62%
(13/21)","36%
(10/28)",4/5,5/9,"33%
(13/39)","24%
(7/29)","64%
(18/28)","38%
(8/21)",4/9,1/5,,,,,,,"70%
(35/50)","54%
(36/67)","46%
(31/67)","30%
(15/50)","56%
(66/117)","44%
(51/117)","89%
(8/9)","56%
(5/9)","44%
(4/9)","11%
(1/9)","67%
(12/18)","33%
(6/18)",rublev-andrey,lehecka-jiri,11.03.2023 05:40,"2
-
0
FINISHED",indian-wells-2023,,
4,2,0,0,60%,63%,"88%
(22/25)","52%
(17/33)","65%
(11/17)","58%
(11/19)",0/0,7/11,"48%
(16/33)","12%
(3/25)","42%
(8/19)","35%
(6/17)",4/11,0/0,,,,,,,"79%
(33/42)","54%
(28/52)","46%
(24/52)","21%
(9/42)","61%
(57/94)","39%
(37/94)","100%
(8/8)","50%
(4/8)","50%
(4/8)","0%
(0/8)","75%
(12/16)","25%
(4/16)",tiafoe-frances,giron-marcos,11.03.2023 05:10,"2
-
0
FINISHED",indian-wells-2023,,
6,7,2,1,59%,72%,"73%
(24/33)","66%
(29/44)","70%
(16/23)","29%
(5/17)",6/6,4/7,"34%
(15/44)","27%
(9/33)","71%
(12/17)","30%
(7/23)",3/7,0/6,,,,,,,"71%
(40/56)","56%
(34/61)","44%
(27/61)","29%
(16/56)","57%
(67/117)","43%
(50/117)","100%
(9/9)","70%
(7/10)","30%
(3/10)","0%
(0/9)","63%
(12/19)","37%
(7/19)",medvedev-daniil,nakashima-brandon,11.03.2023 04:10,"2
-
0
FINISHED",indian-wells-2023,,
5,4,0,3,64%,44%,"63%
(22/35)","52%
(13/25)","65%
(13/20)","50%
(16/32)",2/3,3/6,"48%
(12/25)","37%
(13/35)","50%
(16/32)","35%
(7/20)",3/6,1/3,15,8,7,9,"71%
(5/7)","54%
(7/13)","64%
(35/55)","52%
(29/56)","48%
(27/56)","36%
(20/55)","56%
(62/111)","44%
(49/111)","89%
(8/9)","63%
(5/8)","38%
(3/8)","11%
(1/9)","65%
(11/17)","35%
(6/17)",khachanov-karen,otte-oscar,11.03.2023 03:15,"2
-
0
FINISHED",indian-wells-2023,,
9,0,1,3,55%,59%,"78%
(39/50)","57%
(29/51)","44%
(18/41)","58%
(21/36)",5/7,3/7,"43%
(22/51)","22%
(11/50)","42%
(15/36)","56%
(23/41)",4/7,2/7,,,,,,,"63%
(57/91)","57%
(50/87)","43%
(37/87)","37%
(34/91)","53%
(94/178)","47%
(84/178)","85%
(11/13)","71%
(10/14)","29%
(4/14)","15%
(2/13)","56%
(15/27)","44%
(12/27)",berrettini-matteo,daniel-taro,11.03.2023 02:45,"1
-
2
FINISHED",indian-wells-2023,,
5,6,3,14,60%,54%,"66%
(29/44)","55%
(23/42)","55%
(16/29)","56%
(20/36)",4/6,7/11,"45%
(19/42)","34%
(15/44)","44%
(16/36)","45%
(13/29)",4/11,2/6,14,21,12,29,"44%
(4/9)","75%
(3/4)","62%
(45/73)","55%
(43/78)","45%
(35/78)","38%
(28/73)","53%
(80/151)","47%
(71/151)","82%
(9/11)","64%
(7/11)","36%
(4/11)","18%
(2/11)","59%
(13/22)","41%
(9/22)",humbert-ugo,shapovalov-denis,10.03.2023 23:55,"2
-
0
FINISHED",indian-wells-2023,,
3,7,1,1,62%,58%,"58%
(21/36)","82%
(23/28)","32%
(7/22)","60%
(12/20)",2/6,2/2,"18%
(5/28)","42%
(15/36)","40%
(8/20)","68%
(15/22)",0/2,4/6,9,16,19,15,"83%
(5/6)","67%
(10/15)","48%
(28/58)","73%
(35/48)","27%
(13/48)","52%
(30/58)","39%
(41/106)","61%
(65/106)","50%
(4/8)","100%
(8/8)","0%
(0/8)","50%
(4/8)","25%
(4/16)","75%
(12/16)",cachin-pedro,zverev-alexander,10.03.2023 23:30,"0
-
2
FINISHED",indian-wells-2023,,
4,0,0,1,58%,50%,"68%
(27/40)","88%
(21/24)","34%
(10/29)","67%
(16/24)",2/5,0/0,"13%
(3/24)","33%
(13/40)","33%
(8/24)","66%
(19/29)",0/0,3/5,13,16,20,10,"56%
(5/9)","69%
(9/13)","54%
(37/69)","77%
(37/48)","23%
(11/48)","46%
(32/69)","41%
(48/117)","59%
(69/117)","63%
(5/8)","100%
(9/9)","0%
(0/9)","38%
(3/8)","29%
(5/17)","71%
(12/17)",wu-yibing,davidovich-fokina-alejandro,10.03.2023 23:15,"0
-
2
FINISHED",indian-wells-2023,,
28,10,18,1,47%,70%,"80%
(35/44)","78%
(47/60)","56%
(28/50)","73%
(19/26)",2/2,4/4,"22%
(13/60)","20%
(9/44)","27%
(7/26)","44%
(22/50)",0/4,0/2,49,28,27,7,"68%
(32/47)","64%
(7/11)","67%
(63/94)","77%
(66/86)","23%
(20/86)","33%
(31/94)","46%
(83/180)","54%
(97/180)","100%
(12/12)","100%
(12/12)","0%
(0/12)","0%
(0/12)","50%
(12/24)","50%
(12/24)",cressy-maxime,tabilo-alejandro,10.03.2023 22:35,"0
-
2
FINISHED",indian-wells-2023,,
6,16,3,3,51%,66%,"81%
(34/42)","88%
(38/43)","56%
(23/41)","41%
(9/22)",3/5,4/5,"12%
(5/43)","19%
(8/42)","59%
(13/22)","44%
(18/41)",1/5,2/5,20,26,15,20,"46%
(6/13)","63%
(5/8)","69%
(57/83)","72%
(47/65)","28%
(18/65)","31%
(26/83)","51%
(75/148)","49%
(73/148)","83%
(10/12)","91%
(10/11)","9%
(1/11)","17%
(2/12)","48%
(11/23)","52%
(12/23)",kubler-jason,dimitrov-grigor,10.03.2023 21:35,"1
-
1
FINISHED / RETIRED -
DIMITROV G.",indian-wells-2023,,
11,8,0,3,66%,65%,"77%
(55/71)","83%
(55/66)","64%
(23/36)","51%
(18/35)",3/5,4/5,"17%
(11/66)","23%
(16/71)","49%
(17/35)","36%
(13/36)",1/5,2/5,45,36,13,26,"63%
(20/32)","61%
(25/41)","73%
(78/107)","72%
(73/101)","28%
(28/101)","27%
(29/107)","51%
(106/208)","49%
(102/208)","88%
(15/17)","94%
(16/17)","6%
(1/17)","12%
(2/17)","47%
(16/34)","53%
(18/34)",thompson-jordan,tsitsipas-stefanos,10.03.2023 21:00,"2
-
1
FINISHED",indian-wells-2023,,
2,6,2,1,54%,63%,"69%
(25/36)","79%
(31/39)","48%
(15/31)","57%
(13/23)",1/4,1/2,"21%
(8/39)","31%
(11/36)","43%
(10/23)","52%
(16/31)",1/2,3/4,9,24,23,19,"50%
(3/6)","85%
(11/13)","60%
(40/67)","71%
(44/62)","29%
(18/62)","40%
(27/67)","45%
(58/129)","55%
(71/129)","70%
(7/10)","90%
(9/10)","10%
(1/10)","30%
(3/10)","40%
(8/20)","60%
(12/20)",bautista-agut-roberto,ruusuvuori-emil,10.03.2023 20:30,"0
-
2
FINISHED",indian-wells-2023,,
2,2,2,2,63%,65%,"66%
(27/41)","64%
(28/44)","58%
(14/24)","46%
(11/24)",4/5,5/8,"36%
(16/44)","34%
(14/41)","54%
(13/24)","42%
(10/24)",3/8,1/5,19,17,15,15,"75%
(15/20)","52%
(13/25)","63%
(41/65)","57%
(39/68)","43%
(29/68)","37%
(24/65)","53%
(70/133)","47%
(63/133)","88%
(7/8)","67%
(6/9)","33%
(3/9)","13%
(1/8)","59%
(10/17)","41%
(7/17)",ivashka-ilya,van-de-zandschulp-botic,10.03.2023 19:15,"1
-
0
FINISHED / RETIRED -
VAN DE ZANDSCHULP B.",indian-wells-2023,,
1,8,3,1,65%,68%,"53%
(17/32)","81%
(26/32)","59%
(10/17)","53%
(8/15)",4/8,0/0,"19%
(6/32)","47%
(15/32)","47%
(7/15)","41%
(7/17)",0/0,4/8,5,20,17,14,"64%
(7/11)","75%
(6/8)","55%
(27/49)","72%
(34/47)","28%
(13/47)","45%
(22/49)","42%
(40/96)","58%
(56/96)","50%
(4/8)","100%
(8/8)","0%
(0/8)","50%
(4/8)","25%
(4/16)","75%
(12/16)",nishioka-yoshihito,garin-cristian,10.03.2023 19:10,"0
-
2
FINISHED",indian-wells-2023,,
2,1,1,1,54%,66%,"68%
(21/31)","82%
(27/33)","42%
(11/26)","65%
(11/17)",2/5,1/1,"18%
(6/33)","32%
(10/31)","35%
(6/17)","58%
(15/26)",0/1,3/5,15,19,22,12,"56%
(5/9)","78%
(14/18)","56%
(32/57)","76%
(38/50)","24%
(12/50)","44%
(25/57)","41%
(44/107)","59%
(63/107)","63%
(5/8)","100%
(9/9)","0%
(0/9)","38%
(3/8)","29%
(5/17)","71%
(12/17)",schwartzman-diego,ruud-casper,10.03.2023 19:10,"0
-
2
FINISHED",indian-wells-2023,,
1,4,1,2,61%,61%,"52%
(16/31)","81%
(25/31)","45%
(9/20)","60%
(12/20)",4/8,3/4,"19%
(6/31)","48%
(15/31)","40%
(8/20)","55%
(11/20)",1/4,4/8,8,20,11,8,"58%
(7/12)","100%
(7/7)","49%
(25/51)","73%
(37/51)","27%
(14/51)","51%
(26/51)","38%
(39/102)","62%
(63/102)","56%
(5/9)","89%
(8/9)","11%
(1/9)","44%
(4/9)","33%
(6/18)","67%
(12/18)",wu-tung-lin,norrie-cameron,10.03.2023 19:10,"0
-
2
FINISHED",indian-wells-2023,,
14,5,3,4,60%,67%,"79%
(49/62)","63%
(33/52)","44%
(18/41)","54%
(14/26)",8/10,6/10,"37%
(19/52)","21%
(13/62)","46%
(12/26)","56%
(23/41)",4/10,2/10,30,28,23,26,"82%
(14/17)","59%
(13/22)","65%
(67/103)","60%
(47/78)","40%
(31/78)","35%
(36/103)","54%
(98/181)","46%
(83/181)","87%
(13/15)","71%
(10/14)","29%
(4/14)","13%
(2/15)","59%
(17/29)","41%
(12/29)",popyrin-alexei,zhang-zhizhen,10.03.2023 04:20,"2
-
1
FINISHED",indian-wells-2023,,
4,2,3,2,52%,62%,"58%
(19/33)","76%
(29/38)","52%
(16/31)","61%
(14/23)",3/6,2/2,"24%
(9/38)","42%
(14/33)","39%
(9/23)","48%
(15/31)",0/2,3/6,16,16,26,12,"50%
(8/16)","80%
(16/20)","55%
(35/64)","70%
(43/61)","30%
(18/61)","45%
(29/64)","42%
(53/125)","58%
(72/125)","67%
(6/9)","100%
(9/9)","0%
(0/9)","33%
(3/9)","33%
(6/18)","67%
(12/18)",barrere-gregoire,sock-jack,10.03.2023 04:15,"0
-
2
FINISHED",indian-wells-2023,,
11,3,7,2,56%,61%,"72%
(39/54)","61%
(39/64)","51%
(22/43)","73%
(30/41)",2/6,4/8,"39%
(25/64)","28%
(15/54)","27%
(11/41)","49%
(21/43)",4/8,4/6,30,24,35,35,"56%
(10/18)","63%
(22/35)","63%
(61/97)","66%
(69/105)","34%
(36/105)","37%
(36/97)","48%
(97/202)","52%
(105/202)","75%
(12/16)","75%
(12/16)","25%
(4/16)","25%
(4/16)","50%
(16/32)","50%
(16/32)",thiem-dominic,mannarino-adrian,10.03.2023 02:10,"1
-
2
FINISHED",indian-wells-2023,,
20,6,0,3,60%,55%,"77%
(44/57)","77%
(41/53)","37%
(14/38)","51%
(22/43)",3/8,3/5,"23%
(12/53)","23%
(13/57)","49%
(21/43)","63%
(24/38)",2/5,5/8,48,27,26,20,"50%
(11/22)","67%
(8/12)","61%
(58/95)","66%
(63/96)","34%
(33/96)","39%
(37/95)","48%
(91/191)","52%
(100/191)","67%
(10/15)","87%
(13/15)","13%
(2/15)","33%
(5/15)","40%
(12/30)","60%
(18/30)",gojo-borna,gasquet-richard,10.03.2023 01:55,"1
-
2
FINISHED",indian-wells-2023,,
0,0,3,4,79%,61%,"52%
(34/66)","55%
(27/49)","39%
(7/18)","61%
(19/31)",10/16,6/10,"45%
(22/49)","48%
(32/66)","39%
(12/31)","61%
(11/18)",4/10,6/16,25,31,30,24,"47%
(15/32)","56%
(22/39)","49%
(41/84)","57%
(46/80)","43%
(34/80)","51%
(43/84)","46%
(75/164)","54%
(89/164)","45%
(5/11)","64%
(7/11)","36%
(4/11)","55%
(6/11)","41%
(9/22)","59%
(13/22)",ymer-mikael,hijikata-rinky,10.03.2023 00:10,"0
-
2
FINISHED",indian-wells-2023,,
1,16,6,5,56%,52%,"70%
(38/54)","81%
(39/48)","67%
(29/43)","43%
(19/44)",1/4,1/3,"19%
(9/48)","30%
(16/54)","57%
(25/44)","33%
(14/43)",2/3,3/4,12,41,19,31,"62%
(8/13)","59%
(17/29)","69%
(67/97)","63%
(58/92)","37%
(34/92)","31%
(30/97)","53%
(101/189)","47%
(88/189)","81%
(13/16)","87%
(13/15)","13%
(2/15)","19%
(3/16)","48%
(15/31)","52%
(16/31)",martinez-pedro,huesler-marc-andrea,09.03.2023 23:15,"2
-
1
FINISHED",indian-wells-2023,,
9,6,4,3,61%,64%,"69%
(49/71)","67%
(43/64)","38%
(17/45)","67%
(24/36)",16/20,4/5,"33%
(21/64)","31%
(22/71)","33%
(12/36)","62%
(28/45)",1/5,4/20,36,28,35,31,"66%
(25/38)","73%
(16/22)","57%
(66/116)","67%
(67/100)","33%
(33/100)","43%
(50/116)","46%
(99/216)","54%
(117/216)","71%
(10/14)","93%
(14/15)","7%
(1/15)","29%
(4/14)","38%
(11/29)","62%
(18/29)",etcheverry-tomas-martin,murray-andy,09.03.2023 22:45,"1
-
2
FINISHED",indian-wells-2023,,
4,1,2,1,57%,59%,"89%
(24/27)","56%
(18/32)","65%
(13/20)","55%
(12/22)",0/0,5/8,"44%
(14/32)","11%
(3/27)","45%
(10/22)","35%
(7/20)",3/8,0/0,19,9,14,13,"100%
(4/4)","60%
(6/10)","79%
(37/47)","56%
(30/54)","44%
(24/54)","21%
(10/47)","60%
(61/101)","40%
(40/101)","100%
(9/9)","63%
(5/8)","38%
(3/8)","0%
(0/9)","71%
(12/17)","29%
(5/17)",molcan-alex,ramos-vinolas-albert,09.03.2023 22:30,"2
-
0
FINISHED",indian-wells-2023,,
7,6,5,6,50%,49%,"76%
(28/37)","72%
(21/29)","35%
(13/37)","53%
(16/30)",8/13,1/4,"28%
(8/29)","24%
(9/37)","47%
(14/30)","65%
(24/37)",3/4,5/13,16,18,18,19,"17%
(1/6)","83%
(5/6)","55%
(41/74)","63%
(37/59)","37%
(22/59)","45%
(33/74)","47%
(63/133)","53%
(70/133)","55%
(6/11)","73%
(8/11)","27%
(3/11)","45%
(5/11)","41%
(9/22)","59%
(13/22)",wolf-jeffrey-john,fucsovics-marton,09.03.2023 22:05,"1
-
2
FINISHED",indian-wells-2023,,
5,1,5,4,68%,55%,"65%
(28/43)","62%
(13/21)","55%
(11/20)","35%
(6/17)",4/5,3/7,"38%
(8/21)","35%
(15/43)","65%
(11/17)","45%
(9/20)",4/7,1/5,24,10,14,15,"57%
(12/21)","31%
(4/13)","62%
(39/63)","50%
(19/38)","50%
(19/38)","38%
(24/63)","57%
(58/101)","43%
(43/101)","89%
(8/9)","50%
(4/8)","50%
(4/8)","11%
(1/9)","71%
(12/17)","29%
(5/17)",shelton-ben,fognini-fabio,09.03.2023 21:00,"2
-
0
FINISHED",indian-wells-2023,,
9,1,0,0,53%,59%,"100%
(18/18)","53%
(21/40)","88%
(14/16)","46%
(13/28)",0/0,6/10,"48%
(19/40)","0%
(0/18)","54%
(15/28)","13%
(2/16)",4/10,0/0,26,7,7,11,"50%
(2/4)","60%
(6/10)","94%
(32/34)","50%
(34/68)","50%
(34/68)","6%
(2/34)","65%
(66/102)","35%
(36/102)","100%
(8/8)","56%
(5/9)","44%
(4/9)","0%
(0/8)","71%
(12/17)","29%
(5/17)",kokkinakis-thanasi,holt-brandon,09.03.2023 20:25,"2
-
0
FINISHED",indian-wells-2023,,
14,4,3,4,60%,61%,"68%
(40/59)","68%
(39/57)","46%
(18/39)","50%
(18/36)",10/14,5/8,"32%
(18/57)","32%
(19/59)","50%
(18/36)","54%
(21/39)",3/8,4/14,41,33,23,21,"60%
(6/10)","56%
(9/16)","59%
(58/98)","61%
(57/93)","39%
(36/93)","41%
(40/98)","49%
(94/191)","51%
(97/191)","71%
(10/14)","80%
(12/15)","20%
(3/15)","29%
(4/14)","45%
(13/29)","55%
(16/29)",monteiro-thiago,pella-guido,09.03.2023 20:25,"1
-
2
FINISHED",indian-wells-2023,,
2,8,5,1,50%,64%,"39%
(9/23)","87%
(20/23)","35%
(8/23)","46%
(6/13)",1/7,1/2,"13%
(3/23)","61%
(14/23)","54%
(7/13)","65%
(15/23)",1/2,6/7,10,14,19,4,"40%
(2/5)","100%
(2/2)","37%
(17/46)","72%
(26/36)","28%
(10/36)","63%
(29/46)","33%
(27/82)","67%
(55/82)","14%
(1/7)","86%
(6/7)","14%
(1/7)","86%
(6/7)","14%
(2/14)","86%
(12/14)",riedi-leandro,draper-jack,09.03.2023 19:10,"0
-
2
FINISHED",indian-wells-2023,,
5,10,3,6,49%,59%,"64%
(25/39)","80%
(35/44)","60%
(24/40)","45%
(14/31)",7/9,4/7,"20%
(9/44)","36%
(14/39)","55%
(17/31)","40%
(16/40)",3/7,2/9,18,32,14,16,"71%
(12/17)","65%
(11/17)","62%
(49/79)","65%
(49/75)","35%
(26/75)","38%
(30/79)","49%
(75/154)","51%
(79/154)","83%
(10/12)","77%
(10/13)","23%
(3/13)","17%
(2/12)","52%
(13/25)","48%
(12/25)",struff-jan-lennard,halys-quentin,09.03.2023 19:10,"2
-
1
FINISHED",indian-wells-2023,,
10,5,2,2,54%,67%,"85%
(29/34)","74%
(29/39)","55%
(16/29)","53%
(10/19)",2/4,1/4,"26%
(10/39)","15%
(5/34)","47%
(9/19)","45%
(13/29)",3/4,2/4,17,17,8,13,"50%
(3/6)","63%
(5/8)","71%
(45/63)","67%
(39/58)","33%
(19/58)","29%
(18/63)","53%
(64/121)","47%
(57/121)","83%
(10/12)","75%
(9/12)","25%
(3/12)","17%
(2/12)","54%
(13/24)","46%
(11/24)",wawrinka-stan,vukic-aleksandar,09.03.2023 19:10,"2
-
1
FINISHED",indian-wells-2023,,
5,2,2,1,56%,63%,"83%
(19/23)","44%
(14/32)","56%
(10/18)","58%
(11/19)",2/2,5/10,"56%
(18/32)","17%
(4/23)","42%
(8/19)","44%
(8/18)",5/10,0/2,18,15,6,17,"89%
(8/9)","55%
(6/11)","71%
(29/41)","49%
(25/51)","51%
(26/51)","29%
(12/41)","60%
(55/92)","40%
(37/92)","100%
(7/7)","38%
(3/8)","63%
(5/8)","0%
(0/7)","80%
(12/15)","20%
(3/15)",mcdonald-mackenzie,krajinovic-filip,09.03.2023 19:05,"2
-
0
FINISHED",indian-wells-2023,,
6,0,7,2,60%,66%,"78%
(35/45)","78%
(31/40)","40%
(12/30)","62%
(13/21)",6/8,1/1,"23%
(9/40)","22%
(10/45)","38%
(8/21)","60%
(18/30)",0/1,2/8,20,16,24,20,"75%
(9/12)","87%
(20/23)","63%
(47/75)","72%
(44/61)","28%
(17/61)","37%
(28/75)","47%
(64/136)","53%
(72/136)","80%
(8/10)","100%
(10/10)","0%
(0/10)","20%
(2/10)","40%
(8/20)","60%
(12/20)",bublik-alexander,wu-tung-lin,09.03.2023 05:00,"0
-
2
FINISHED",indian-wells-2023,,
6,5,0,4,64%,63%,"70%
(21/30)","58%
(32/55)","82%
(14/17)","42%
(14/33)",0/1,9/13,"42%
(23/55)","30%
(9/30)","58%
(19/33)","18%
(3/17)",4/13,1/1,18,20,10,36,"88%
(7/8)","46%
(11/24)","74%
(35/47)","52%
(46/88)","48%
(42/88)","26%
(12/47)","57%
(77/135)","43%
(58/135)","89%
(8/9)","60%
(6/10)","40%
(4/10)","11%
(1/9)","63%
(12/19)","37%
(7/19)",tabilo-alejandro,marterer-maximilian,09.03.2023 03:00,"2
-
0
FINISHED",indian-wells-2023,,
2,1,0,5,66%,57%,"72%
(21/29)","58%
(15/26)","80%
(12/15)","40%
(8/20)",0/0,2/6,"42%
(11/26)","28%
(8/29)","60%
(12/20)","20%
(3/15)",4/6,0/0,10,14,5,17,"64%
(9/14)","79%
(11/14)","75%
(33/44)","50%
(23/46)","50%
(23/46)","25%
(11/44)","62%
(56/90)","38%
(34/90)","100%
(8/8)","50%
(4/8)","50%
(4/8)","0%
(0/8)","75%
(12/16)","25%
(4/16)",thompson-jordan,monfils-gael,09.03.2023 02:10,"2
-
0
FINISHED",indian-wells-2023,,
1,0,2,3,64%,70%,"66%
(19/29)","48%
(19/40)","69%
(11/16)","24%
(4/17)",3/4,5/11,"53%
(21/40)","34%
(10/29)","76%
(13/17)","31%
(5/16)",6/11,1/4,9,4,13,31,"40%
(2/5)","56%
(5/9)","67%
(30/45)","40%
(23/57)","60%
(34/57)","33%
(15/45)","63%
(64/102)","37%
(38/102)","86%
(6/7)","25%
(2/8)","75%
(6/8)","14%
(1/7)","80%
(12/15)","20%
(3/15)",schwartzman-diego,coria-federico,09.03.2023 01:30,"2
-
0
FINISHED",indian-wells-2023,,
5,3,3,8,61%,53%,"71%
(37/52)","66%
(27/41)","48%
(16/33)","51%
(19/37)",6/9,3/7,"34%
(14/41)","29%
(15/52)","49%
(18/37)","52%
(17/33)",4/7,3/9,31,19,24,28,"73%
(16/22)","59%
(13/22)","62%
(54/87)","59%
(46/78)","41%
(32/78)","38%
(33/87)","52%
(86/165)","48%
(79/165)","75%
(9/12)","67%
(8/12)","33%
(4/12)","25%
(3/12)","54%
(13/24)","46%
(11/24)",lehecka-jiri,rinderknech-arthur,08.03.2023 23:10,"2
-
0
FINISHED",indian-wells-2023,,
4,3,3,7,64%,56%,"64%
(29/45)","83%
(29/35)","40%
(10/25)","48%
(13/27)",4/7,2/2,"17%
(6/35)","36%
(16/45)","52%
(14/27)","60%
(15/25)",0/2,3/7,10,20,21,19,"38%
(3/8)","88%
(14/16)","56%
(39/70)","68%
(42/62)","32%
(20/62)","44%
(31/70)","45%
(59/132)","55%
(73/132)","67%
(6/9)","100%
(9/9)","0%
(0/9)","33%
(3/9)","33%
(6/18)","67%
(12/18)",galan-daniel-elahi,garin-cristian,08.03.2023 22:55,"0
-
2
FINISHED",indian-wells-2023,,
4,2,4,7,47%,61%,"77%
(34/44)","74%
(51/69)","59%
(29/49)","30%
(13/44)",0/2,7/12,"26%
(18/69)","23%
(10/44)","70%
(31/44)","41%
(20/49)",5/12,2/2,40,8,39,27,"76%
(31/41)","50%
(7/14)","68%
(63/93)","57%
(64/113)","43%
(49/113)","32%
(30/93)","54%
(112/206)","46%
(94/206)","87%
(13/15)","67%
(10/15)","33%
(5/15)","13%
(2/15)","60%
(18/30)","40%
(12/30)",wu-yibing,munar-jaume,08.03.2023 22:55,"2
-
1
FINISHED",indian-wells-2023,,
3,4,0,0,67%,62%,"76%
(29/38)","51%
(20/39)","58%
(11/19)","54%
(13/24)",4/5,3/7,"49%
(19/39)","24%
(9/38)","46%
(11/24)","42%
(8/19)",4/7,1/5,22,18,11,21,"74%
(20/27)","61%
(11/18)","70%
(40/57)","52%
(33/63)","48%
(30/63)","30%
(17/57)","58%
(70/120)","42%
(50/120)","90%
(9/10)","56%
(5/9)","44%
(4/9)","10%
(1/10)","68%
(13/19)","32%
(6/19)",daniel-taro,carballes-baena-roberto,08.03.2023 22:40,"2
-
0
FINISHED",indian-wells-2023,,
2,3,1,6,67%,57%,"82%
(23/28)","54%
(22/41)","50%
(7/14)","39%
(12/31)",1/2,13/16,"46%
(19/41)","18%
(5/28)","61%
(19/31)","50%
(7/14)",3/16,1/2,16,10,21,26,"67%
(8/12)","43%
(3/7)","71%
(30/42)","47%
(34/72)","53%
(38/72)","29%
(12/42)","60%
(68/114)","40%
(46/114)","88%
(7/8)","57%
(4/7)","43%
(3/7)","13%
(1/8)","67%
(10/15)","33%
(5/15)",ruusuvuori-emil,lestienne-constant,08.03.2023 21:00,"1
-
0
FINISHED / RETIRED -
LESTIENNE C.",indian-wells-2023,,
7,5,0,8,48%,60%,"83%
(24/29)","71%
(30/42)","63%
(20/32)","36%
(10/28)",3/4,7/10,"29%
(12/42)","17%
(5/29)","64%
(18/28)","38%
(12/32)",3/10,1/4,9,13,15,39,"100%
(2/2)","33%
(1/3)","72%
(44/61)","57%
(40/70)","43%
(30/70)","28%
(17/61)","56%
(74/131)","44%
(57/131)","91%
(10/11)","70%
(7/10)","30%
(3/10)","9%
(1/11)","62%
(13/21)","38%
(8/21)",cachin-pedro,basilashvili-nikoloz,08.03.2023 20:55,"2
-
0
FINISHED",indian-wells-2023,,
14,6,7,1,65%,70%,"78%
(39/50)","85%
(41/48)","44%
(12/27)","67%
(14/21)",5/6,2/2,"15%
(7/48)","22%
(11/50)","33%
(7/21)","56%
(15/27)",0/2,1/6,27,20,25,7,"56%
(5/9)","92%
(12/13)","66%
(51/77)","80%
(55/69)","20%
(14/69)","34%
(26/77)","45%
(65/146)","55%
(81/146)","90%
(9/10)","100%
(11/11)","0%
(0/11)","10%
(1/10)","43%
(9/21)","57%
(12/21)",isner-john,nakashima-brandon,08.03.2023 20:55,"0
-
2
FINISHED",indian-wells-2023,,
3,5,2,3,64%,58%,"81%
(38/47)","86%
(32/37)","62%
(16/26)","52%
(14/27)",1/1,0/1,"14%
(5/37)","19%
(9/47)","48%
(13/27)","38%
(10/26)",1/1,0/1,18,24,17,21,"87%
(13/15)","54%
(7/13)","74%
(54/73)","72%
(46/64)","28%
(18/64)","26%
(19/73)","53%
(72/137)","47%
(65/137)","100%
(11/11)","91%
(10/11)","9%
(1/11)","0%
(0/11)","55%
(12/22)","45%
(10/22)",kubler-jason,sonego-lorenzo,08.03.2023 20:55,"2
-
0
FINISHED",indian-wells-2023,,
1,7,2,2,59%,48%,"57%
(27/47)","100%
(30/30)","66%
(21/32)","52%
(17/33)",9/11,1/1,"0%
(0/30)","43%
(20/47)","48%
(16/33)","34%
(11/32)",0/1,2/11,18,15,26,19,"67%
(6/9)","82%
(9/11)","61%
(48/79)","75%
(47/63)","25%
(16/63)","39%
(31/79)","45%
(64/142)","55%
(78/142)","80%
(8/10)","100%
(11/11)","0%
(0/11)","20%
(2/10)","38%
(8/21)","62%
(13/21)",djere-laslo,otte-oscar,08.03.2023 19:10,"0
-
2
FINISHED",indian-wells-2023,,
6,8,4,2,53%,59%,"90%
(27/30)","68%
(28/41)","59%
(16/27)","54%
(15/28)",1/1,3/6,"32%
(13/41)","10%
(3/30)","46%
(13/28)","41%
(11/27)",3/6,0/1,13,20,13,25,"100%
(6/6)","60%
(9/15)","75%
(43/57)","62%
(43/69)","38%
(26/69)","25%
(14/57)","55%
(69/126)","45%
(57/126)","100%
(10/10)","73%
(8/11)","27%
(3/11)","0%
(0/10)","62%
(13/21)","38%
(8/21)",giron-marcos,kovacevic-aleksandar,08.03.2023 19:10,"2
-
0
FINISHED",indian-wells-2023,,
5,2,1,6,63%,57%,"81%
(29/36)","56%
(20/36)","38%
(8/21)","41%
(11/27)",3/5,5/10,"44%
(16/36)","19%
(7/36)","59%
(16/27)","62%
(13/21)",5/10,2/5,15,8,17,25,"57%
(4/7)","50%
(2/4)","65%
(37/57)","49%
(31/63)","51%
(32/63)","35%
(20/57)","57%
(69/120)","43%
(51/120)","78%
(7/9)","44%
(4/9)","56%
(5/9)","22%
(2/9)","67%
(12/18)","33%
(6/18)",ivashka-ilya,safiullin-roman,08.03.2023 19:10,"2
-
0
FINISHED",indian-wells-2023,,
3,2,5,4,63%,68%,"55%
(23/42)","67%
(30/45)","44%
(11/25)","48%
(10/21)",1/5,2/4,"33%
(15/45)","45%
(19/42)","52%
(11/21)","56%
(14/25)",2/4,4/5,14,18,19,28,"50%
(2/4)","72%
(18/25)","51%
(34/67)","61%
(40/66)","39%
(26/66)","49%
(33/67)","45%
(60/133)","55%
(73/133)","60%
(6/10)","80%
(8/10)","20%
(2/10)","40%
(4/10)","40%
(8/20)","60%
(12/20)",zapata-miralles-bernabe,humbert-ugo,08.03.2023 19:05,"0
-
2
FINISHED",indian-wells-2023,,
0,5,4,0,62%,58%,"54%
(15/28)","82%
(23/28)","41%
(7/17)","60%
(12/20)",4/8,1/2,"18%
(5/28)","46%
(13/28)","40%
(8/20)","59%
(10/17)",1/2,4/8,6,29,20,19,"83%
(5/6)","79%
(11/14)","49%
(22/45)","73%
(35/48)","27%
(13/48)","51%
(23/45)","38%
(35/93)","62%
(58/93)","50%
(4/8)","89%
(8/9)","11%
(1/9)","50%
(4/8)","29%
(5/17)","71%
(12/17)",andujar-pablo,gojo-borna,08.03.2023 00:35,"0
-
2
FINISHED",indian-wells-2023,,
2,4,1,2,69%,60%,"62%
(28/45)","83%
(25/30)","30%
(6/20)","55%
(11/20)",6/10,0/1,"17%
(5/30)","38%
(17/45)","45%
(9/20)","70%
(14/20)",1/1,4/10,7,28,15,10,"46%
(6/13)","100%
(6/6)","52%
(34/65)","72%
(36/50)","28%
(14/50)","48%
(31/65)","42%
(48/115)","58%
(67/115)","56%
(5/9)","89%
(8/9)","11%
(1/9)","44%
(4/9)","33%
(6/18)","67%
(12/18)",sandgren-tennys,hijikata-rinky,08.03.2023 00:05,"0
-
2
FINISHED",indian-wells-2023,,
4,2,0,5,50%,55%,"85%
(22/26)","66%
(19/29)","50%
(13/26)","29%
(7/24)",5/6,3/8,"34%
(10/29)","15%
(4/26)","71%
(17/24)","50%
(13/26)",5/8,1/6,12,14,10,24,"0%
(0/1)","100%
(4/4)","67%
(35/52)","49%
(26/53)","51%
(27/53)","33%
(17/52)","59%
(62/105)","41%
(43/105)","88%
(7/8)","38%
(3/8)","63%
(5/8)","13%
(1/8)","75%
(12/16)","25%
(4/16)",vukic-aleksandar,marcora-roberto,08.03.2023 00:00,"2
-
0
FINISHED",indian-wells-2023,,
20,2,6,3,61%,68%,"79%
(59/75)","74%
(67/91)","51%
(24/47)","33%
(14/42)",3/5,11/14,"26%
(24/91)","21%
(16/75)","67%
(28/42)","49%
(23/47)",3/14,2/5,45,36,30,30,"66%
(23/35)","70%
(16/23)","68%
(83/122)","61%
(81/133)","39%
(52/133)","32%
(39/122)","53%
(135/255)","47%
(120/255)","88%
(15/17)","81%
(13/16)","19%
(3/16)","12%
(2/17)","55%
(18/33)","45%
(15/33)",zhang-zhizhen,shang-juncheng,07.03.2023 23:30,"2
-
1
FINISHED",indian-wells-2023,,
3,5,0,1,78%,49%,"53%
(25/47)","78%
(21/27)","15%
(2/13)","39%
(11/28)",6/12,4/7,"22%
(6/27)","47%
(22/47)","61%
(17/28)","85%
(11/13)",3/7,6/12,11,26,7,17,"0%
(0/3)","60%
(3/5)","45%
(27/60)","58%
(32/55)","42%
(23/55)","55%
(33/60)","43%
(50/115)","57%
(65/115)","25%
(2/8)","67%
(6/9)","33%
(3/9)","75%
(6/8)","29%
(5/17)","71%
(12/17)",muller-alexandre,riedi-leandro,07.03.2023 23:05,"0
-
2
FINISHED",indian-wells-2023,,
7,2,6,4,54%,54%,"69%
(35/51)","76%
(34/45)","41%
(18/44)","55%
(21/38)",8/13,5/7,"24%
(11/45)","31%
(16/51)","45%
(17/38)","59%
(26/44)",2/7,5/13,32,16,39,20,"70%
(23/33)","53%
(10/19)","56%
(53/95)","66%
(55/83)","34%
(28/83)","44%
(42/95)","46%
(81/178)","54%
(97/178)","64%
(9/14)","85%
(11/13)","15%
(2/13)","36%
(5/14)","41%
(11/27)","59%
(16/27)",popyrin-alexei,daniel-taro,07.03.2023 21:25,"1
-
2
FINISHED",indian-wells-2023,,
12,7,7,3,62%,59%,"73%
(43/59)","74%
(35/47)","53%
(19/36)","55%
(18/33)",3/5,2/5,"26%
(12/47)","27%
(16/59)","45%
(15/33)","47%
(17/36)",3/5,2/5,36,24,33,18,"63%
(10/16)","48%
(10/21)","65%
(62/95)","66%
(53/80)","34%
(27/80)","35%
(33/95)","51%
(89/175)","49%
(86/175)","87%
(13/15)","79%
(11/14)","21%
(3/14)","13%
(2/15)","55%
(16/29)","45%
(13/29)",tabilo-alejandro,svajda-zachary,07.03.2023 21:15,"2
-
1
FINISHED",indian-wells-2023,,
5,1,1,1,57%,61%,"72%
(21/29)","57%
(20/35)","64%
(14/22)","36%
(8/22)",2/4,7/12,"43%
(15/35)","28%
(8/29)","64%
(14/22)","36%
(8/22)",5/12,2/4,22,13,10,15,"60%
(9/15)","60%
(3/5)","69%
(35/51)","49%
(28/57)","51%
(29/57)","31%
(16/51)","59%
(64/108)","41%
(44/108)","78%
(7/9)","44%
(4/9)","56%
(5/9)","22%
(2/9)","67%
(12/18)","33%
(6/18)",garin-cristian,misolic-filip,07.03.2023 20:40,"2
-
0
FINISHED",indian-wells-2023,,
1,7,7,2,53%,55%,"62%
(26/42)","71%
(25/35)","46%
(17/37)","62%
(18/29)",3/6,0/1,"29%
(10/35)","38%
(16/42)","38%
(11/29)","54%
(20/37)",1/1,3/6,14,29,24,17,"50%
(8/16)","62%
(8/13)","54%
(43/79)","67%
(43/64)","33%
(21/64)","46%
(36/79)","45%
(64/143)","55%
(79/143)","73%
(8/11)","90%
(9/10)","10%
(1/10)","27%
(3/11)","43%
(9/21)","57%
(12/21)",albot-radu,struff-jan-lennard,07.03.2023 19:10,"0
-
2
FINISHED",indian-wells-2023,,
4,3,4,5,58%,66%,"68%
(26/38)","69%
(31/45)","54%
(15/28)","22%
(5/23)",4/6,8/12,"31%
(14/45)","32%
(12/38)","78%
(18/23)","46%
(13/28)",4/12,2/6,18,21,20,23,"63%
(10/16)","89%
(8/9)","62%
(41/66)","53%
(36/68)","47%
(32/68)","38%
(25/66)","54%
(73/134)","46%
(61/134)","80%
(8/10)","60%
(6/10)","40%
(4/10)","20%
(2/10)","60%
(12/20)","40%
(8/20)",kokkinakis-thanasi,arnaldi-matteo,07.03.2023 19:10,"2
-
0
FINISHED",indian-wells-2023,,
3,0,2,1,48%,52%,"52%
(12/23)","86%
(12/14)","40%
(10/25)","62%
(8/13)",3/7,0/0,"14%
(2/14)","48%
(11/23)","38%
(5/13)","60%
(15/25)",0/0,4/7,7,14,8,7,"75%
(3/4)","82%
(9/11)","46%
(22/48)","74%
(20/27)","26%
(7/27)","54%
(26/48)","39%
(29/75)","61%
(46/75)","33%
(2/6)","100%
(5/5)","0%
(0/5)","67%
(4/6)","18%
(2/11)","82%
(9/11)",passaro-francesco,wu-tung-lin,07.03.2023 19:10,"0
-
1
FINISHED / RETIRED -
PASSARO F.",indian-wells-2023,,
2,5,2,3,54%,58%,"90%
(26/29)","66%
(21/32)","68%
(17/25)","43%
(10/23)",1/2,2/5,"34%
(11/32)","10%
(3/29)","57%
(13/23)","32%
(8/25)",3/5,1/2,15,13,7,25,"78%
(7/9)","40%
(2/5)","80%
(43/54)","56%
(31/55)","44%
(24/55)","20%
(11/54)","61%
(67/109)","39%
(42/109)","90%
(9/10)","67%
(6/9)","33%
(3/9)","10%
(1/10)","63%
(12/19)","37%
(7/19)",marterer-maximilian,nava-emilio,07.03.2023 19:05,"2
-
0
FINISHED",indian-wells-2023,,
2,0,1,2,62%,68%,"62%
(29/47)","67%
(35/52)","41%
(12/29)","40%
(10/25)",5/11,2/6,"33%
(17/52)","38%
(18/47)","60%
(15/25)","59%
(17/29)",4/6,6/11,20,12,32,28,"44%
(4/9)","61%
(11/18)","54%
(41/76)","58%
(45/77)","42%
(32/77)","46%
(35/76)","48%
(73/153)","52%
(80/153)","54%
(7/13)","69%
(9/13)","31%
(4/13)","46%
(6/13)","42%
(11/26)","58%
(15/26)",borges-nuno,andujar-pablo,07.03.2023 06:35,"1
-
2
FINISHED",indian-wells-2023,,
1,2,3,3,66%,62%,"50%
(20/40)","58%
(18/31)","48%
(10/21)","63%
(12/19)",6/10,2/3,"42%
(13/31)","50%
(20/40)","37%
(7/19)","52%
(11/21)",1/3,4/10,11,16,23,20,"44%
(4/9)","50%
(6/12)","49%
(30/61)","60%
(30/50)","40%
(20/50)","51%
(31/61)","45%
(50/111)","55%
(61/111)","43%
(3/7)","86%
(6/7)","14%
(1/7)","57%
(4/7)","29%
(4/14)","71%
(10/14)",meligeni-rodrigues-alves-felipe,hijikata-rinky,07.03.2023 06:30,"0
-
1
FINISHED / RETIRED -
MELIGENI ALVES F.",indian-wells-2023,,
0,2,1,1,62%,55%,"46%
(11/24)","77%
(17/22)","47%
(7/15)","56%
(10/18)",3/7,1/2,"23%
(5/22)","54%
(13/24)","44%
(8/18)","53%
(8/15)",1/2,4/7,8,10,21,10,"45%
(5/11)","57%
(4/7)","46%
(18/39)","68%
(27/40)","33%
(13/40)","54%
(21/39)","39%
(31/79)","61%
(48/79)","33%
(2/6)","86%
(6/7)","14%
(1/7)","67%
(4/6)","23%
(3/13)","77%
(10/13)",lajovic-dusan,sandgren-tennys,07.03.2023 06:25,"0
-
1
FINISHED / RETIRED -
LAJOVIC D.",indian-wells-2023,,
2,5,5,1,69%,72%,"63%
(29/46)","82%
(28/34)","29%
(6/21)","62%
(8/13)",12/16,2/2,"18%
(6/34)","37%
(17/46)","38%
(5/13)","71%
(15/21)",0/2,4/16,16,19,25,15,"75%
(9/12)","60%
(3/5)","52%
(35/67)","77%
(36/47)","23%
(11/47)","48%
(32/67)","40%
(46/114)","60%
(68/114)","50%
(4/8)","100%
(8/8)","0%
(0/8)","50%
(4/8)","25%
(4/16)","75%
(12/16)",collarini-andrea,gojo-borna,07.03.2023 06:15,"0
-
2
FINISHED",indian-wells-2023,,
0,4,2,5,53%,53%,"60%
(27/45)","67%
(26/39)","48%
(19/40)","53%
(18/34)",6/11,4/7,"33%
(13/39)","40%
(18/45)","47%
(16/34)","53%
(21/40)",3/7,5/11,12,21,37,24,"50%
(8/16)","71%
(10/14)","54%
(46/85)","60%
(44/73)","40%
(29/73)","46%
(39/85)","47%
(75/158)","53%
(83/158)","58%
(7/12)","75%
(9/12)","25%
(3/12)","42%
(5/12)","42%
(10/24)","58%
(14/24)",gomez-emilio,vukic-aleksandar,07.03.2023 04:35,"1
-
2
FINISHED",indian-wells-2023,,
0,0,1,3,60%,62%,"63%
(19/30)","44%
(18/41)","65%
(13/20)","44%
(11/25)",5/7,10/16,"56%
(23/41)","37%
(11/30)","56%
(14/25)","35%
(7/20)",6/16,2/7,12,8,26,34,"57%
(8/14)","53%
(8/15)","64%
(32/50)","44%
(29/66)","56%
(37/66)","36%
(18/50)","59%
(69/116)","41%
(47/116)","75%
(6/8)","25%
(2/8)","75%
(6/8)","25%
(2/8)","75%
(12/16)","25%
(4/16)",marcora-roberto,kozlov-stefan,07.03.2023 04:30,"2
-
0
FINISHED",indian-wells-2023,,
4,6,1,2,75%,69%,"66%
(45/68)","77%
(56/73)","43%
(10/23)","45%
(15/33)",3/7,7/8,"23%
(17/73)","34%
(23/68)","55%
(18/33)","57%
(13/23)",1/8,4/7,23,51,20,28,"50%
(7/14)","68%
(21/31)","60%
(55/91)","67%
(71/106)","33%
(35/106)","40%
(36/91)","46%
(90/197)","54%
(107/197)","71%
(10/14)","93%
(14/15)","7%
(1/15)","29%
(4/14)","38%
(11/29)","62%
(18/29)",michelsen-alex,riedi-leandro,07.03.2023 04:10,"1
-
2
FINISHED",indian-wells-2023,,
5,6,3,2,59%,69%,"68%
(43/63)","66%
(41/62)","50%
(22/44)","43%
(12/28)",7/11,5/9,"34%
(21/62)","32%
(20/63)","57%
(16/28)","50%
(22/44)",4/9,4/11,17,28,36,33,"76%
(13/17)","81%
(13/16)","61%
(65/107)","59%
(53/90)","41%
(37/90)","39%
(42/107)","52%
(102/197)","48%
(95/197)","73%
(11/15)","71%
(10/14)","29%
(4/14)","27%
(4/15)","52%
(15/29)","48%
(14/29)",kudla-denis,muller-alexandre,07.03.2023 03:50,"1
-
2
FINISHED",indian-wells-2023,,
4,4,5,4,49%,57%,"78%
(29/37)","69%
(29/42)","55%
(21/38)","53%
(17/32)",6/7,4/6,"31%
(13/42)","22%
(8/37)","47%
(15/32)","45%
(17/38)",2/6,1/7,23,13,32,28,"65%
(13/20)","62%
(8/13)","67%
(50/75)","62%
(46/74)","38%
(28/74)","33%
(25/75)","52%
(78/149)","48%
(71/149)","91%
(10/11)","80%
(8/10)","20%
(2/10)","9%
(1/11)","57%
(12/21)","43%
(9/21)",zhang-zhizhen,ymer-elias,07.03.2023 02:20,"2
-
0
FINISHED",indian-wells-2023,,
0,12,5,4,62%,58%,"68%
(38/56)","71%
(32/45)","51%
(18/35)","41%
(13/32)",5/8,2/5,"29%
(13/45)","32%
(18/56)","59%
(19/32)","49%
(17/35)",3/5,3/8,16,31,21,31,"88%
(7/8)","42%
(8/19)","62%
(56/91)","58%
(45/77)","42%
(32/77)","38%
(35/91)","52%
(88/168)","48%
(80/168)","75%
(9/12)","75%
(9/12)","25%
(3/12)","25%
(3/12)","50%
(12/24)","50%
(12/24)",shang-juncheng,watanuki-yosuke-1998,07.03.2023 02:00,"2
-
0
FINISHED",indian-wells-2023,,
11,5,2,3,64%,51%,"65%
(42/65)","71%
(37/52)","41%
(15/37)","51%
(25/49)",8/13,7/11,"29%
(15/52)","35%
(23/65)","49%
(24/49)","59%
(22/37)",4/11,5/13,35,33,32,29,"46%
(19/41)","69%
(25/36)","56%
(57/102)","61%
(62/101)","39%
(39/101)","44%
(45/102)","47%
(96/203)","53%
(107/203)","69%
(11/16)","76%
(13/17)","24%
(4/17)","31%
(5/16)","45%
(15/33)","55%
(18/33)",o-connell-christopher,tabilo-alejandro,07.03.2023 01:45,"1
-
2
FINISHED",indian-wells-2023,,
7,8,0,4,63%,58%,"75%
(46/61)","78%
(43/55)","64%
(23/36)","57%
(23/40)",1/3,6/8,"22%
(12/55)","25%
(15/61)","43%
(17/40)","36%
(13/36)",2/8,2/3,21,36,20,37,"63%
(15/24)","74%
(26/35)","71%
(69/97)","69%
(66/95)","31%
(29/95)","29%
(28/97)","51%
(98/192)","49%
(94/192)","88%
(14/16)","88%
(14/16)","13%
(2/16)","13%
(2/16)","50%
(16/32)","50%
(16/32)",svajda-zachary,johnson-steve,07.03.2023 01:25,"2
-
1
FINISHED",indian-wells-2023,,
4,4,2,2,56%,70%,"56%
(18/32)","66%
(33/50)","48%
(12/25)","57%
(12/21)",7/11,7/9,"34%
(17/50)","44%
(14/32)","43%
(9/21)","48%
(12/25)",2/9,4/11,14,20,28,27,"56%
(9/16)","75%
(9/12)","53%
(30/57)","63%
(45/71)","37%
(26/71)","47%
(27/57)","44%
(56/128)","56%
(72/128)","56%
(5/9)","80%
(8/10)","20%
(2/10)","44%
(4/9)","37%
(7/19)","63%
(12/19)",harris-lloyd,arnaldi-matteo,07.03.2023 00:00,"0
-
2
FINISHED",indian-wells-2023,,
6,0,3,1,64%,71%,"67%
(38/57)","63%
(35/56)","44%
(14/32)","26%
(6/23)",3/7,3/8,"38%
(21/56)","33%
(19/57)","74%
(17/23)","56%
(18/32)",5/8,4/7,27,18,31,27,"61%
(25/41)","50%
(7/14)","58%
(52/89)","52%
(41/79)","48%
(38/79)","42%
(37/89)","54%
(90/168)","46%
(78/168)","67%
(8/12)","58%
(7/12)","42%
(5/12)","33%
(4/12)","54%
(13/24)","46%
(11/24)",garin-cristian,tien-learner,06.03.2023 23:35,"2
-
0
FINISHED",indian-wells-2023,,
11,3,0,4,52%,45%,"90%
(26/29)","78%
(25/32)","81%
(22/27)","51%
(20/39)",0/0,1/2,"22%
(7/32)","10%
(3/29)","49%
(19/39)","19%
(5/27)",1/2,0/0,37,17,16,18,"64%
(7/11)","78%
(7/9)","86%
(48/56)","63%
(45/71)","37%
(26/71)","14%
(8/56)","58%
(74/127)","42%
(53/127)","100%
(11/11)","90%
(9/10)","10%
(1/10)","0%
(0/11)","57%
(12/21)","43%
(9/21)",kokkinakis-thanasi,sugita-yuichi,06.03.2023 23:30,"2
-
0
FINISHED",indian-wells-2023,,
2,7,0,3,61%,53%,"77%
(50/65)","72%
(43/60)","49%
(20/41)","55%
(29/53)",2/4,7/9,"28%
(17/60)","23%
(15/65)","45%
(24/53)","51%
(21/41)",2/9,2/4,21,42,27,35,"85%
(11/13)","80%
(16/20)","66%
(70/106)","64%
(72/113)","36%
(41/113)","34%
(36/106)","51%
(111/219)","49%
(108/219)","87%
(13/15)","86%
(12/14)","14%
(2/14)","13%
(2/15)","52%
(15/29)","48%
(14/29)",sousa-joao,misolic-filip,06.03.2023 23:25,"1
-
2
FINISHED",indian-wells-2023,,
4,4,2,1,56%,53%,"64%
(18/28)","88%
(23/26)","50%
(11/22)","61%
(14/23)",2/5,0/0,"12%
(3/26)","36%
(10/28)","39%
(9/23)","50%
(11/22)",0/0,3/5,12,12,18,12,"67%
(8/12)","65%
(11/17)","58%
(29/50)","76%
(37/49)","24%
(12/49)","42%
(21/50)","41%
(41/99)","59%
(58/99)","67%
(6/9)","100%
(9/9)","0%
(0/9)","33%
(3/9)","33%
(6/18)","67%
(12/18)",blancaneaux-geoffrey,struff-jan-lennard,06.03.2023 22:15,"0
-
2
FINISHED",indian-wells-2023,,
3,3,3,0,64%,62%,"66%
(33/50)","73%
(36/49)","50%
(14/28)","70%
(21/30)",2/6,3/5,"27%
(13/49)","34%
(17/50)","30%
(9/30)","50%
(14/28)",2/5,4/6,19,23,33,16,"58%
(14/24)","50%
(12/24)","60%
(47/78)","72%
(57/79)","28%
(22/79)","40%
(31/78)","44%
(69/157)","56%
(88/157)","71%
(10/14)","87%
(13/15)","13%
(2/15)","29%
(4/14)","41%
(12/29)","59%
(17/29)",hardt-nick,daniel-taro,06.03.2023 21:40,"1
-
2
FINISHED",indian-wells-2023,,
8,3,0,3,65%,55%,"88%
(35/40)","72%
(26/36)","73%
(16/22)","72%
(21/29)",0/0,0/1,"28%
(10/36)","13%
(5/40)","28%
(8/29)","27%
(6/22)",1/1,0/0,21,16,21,18,"83%
(15/18)","57%
(8/14)","82%
(51/62)","73%
(46/63)","27%
(17/63)","18%
(11/62)","54%
(68/125)","46%
(57/125)","100%
(11/11)","91%
(10/11)","9%
(1/11)","0%
(0/11)","55%
(12/22)","45%
(10/22)",popyrin-alexei,klahn-bradley,06.03.2023 21:40,"2
-
0
FINISHED",indian-wells-2023,,
4,0,3,2,66%,53%,"71%
(35/49)","67%
(16/24)","56%
(14/25)","62%
(13/21)",5/5,0/2,"33%
(8/24)","29%
(14/49)","38%
(8/21)","44%
(11/25)",2/2,0/5,21,8,20,17,"68%
(15/22)","50%
(6/12)","66%
(49/74)","64%
(29/45)","36%
(16/45)","34%
(25/74)","55%
(65/119)","45%
(54/119)","100%
(10/10)","78%
(7/9)","22%
(2/9)","0%
(0/10)","63%
(12/19)","37%
(7/19)",albot-radu,bellucci-mattia,06.03.2023 21:35,"2
-
0
FINISHED",indian-wells-2023,,
18,2,3,1,68%,60%,"79%
(45/57)","75%
(47/63)","37%
(10/27)","52%
(22/42)",3/6,8/10,"25%
(16/63)","21%
(12/57)","48%
(20/42)","63%
(17/27)",2/10,3/6,36,14,36,20,"65%
(15/23)","54%
(7/13)","65%
(55/84)","66%
(69/105)","34%
(36/105)","35%
(29/84)","48%
(91/189)","52%
(98/189)","80%
(12/15)","88%
(14/16)","13%
(2/16)","20%
(3/15)","45%
(14/31)","55%
(17/31)",eubanks-christopher,marterer-maximilian,06.03.2023 19:10,"1
-
2
FINISHED",indian-wells-2023,,
9,1,9,2,60%,60%,"73%
(55/75)","71%
(46/65)","47%
(23/49)","51%
(22/43)",7/8,5/9,"29%
(19/65)","27%
(20/75)","49%
(21/43)","53%
(26/49)",4/9,1/8,45,15,57,28,"69%
(20/29)","50%
(6/12)","63%
(78/124)","63%
(68/108)","37%
(40/108)","37%
(46/124)","51%
(118/232)","49%
(114/232)","94%
(15/16)","76%
(13/17)","24%
(4/17)","6%
(1/16)","58%
(19/33)","42%
(14/33)",nava-emilio,kotov-pavel,06.03.2023 19:10,"2
-
1
FINISHED",indian-wells-2023,,
6,3,4,1,60%,66%,"70%
(38/54)","64%
(32/50)","47%
(17/36)","38%
(10/26)",4/7,6/12,"36%
(18/50)","30%
(16/54)","62%
(16/26)","53%
(19/36)",6/12,3/7,26,23,29,40,"73%
(22/30)","54%
(19/35)","61%
(55/90)","55%
(42/76)","45%
(34/76)","39%
(35/90)","54%
(89/166)","46%
(77/166)","77%
(10/13)","54%
(7/13)","46%
(6/13)","23%
(3/13)","62%
(16/26)","38%
(10/26)",passaro-francesco,krueger-mitchell,06.03.2023 19:10,"2
-
1
FINISHED",indian-wells-2023,,
5,5,1,2,68%,46%,"74%
(45/61)","78%
(28/36)","59%
(17/29)","52%
(22/42)",1/3,2/7,"22%
(8/36)","26%
(16/61)","48%
(20/42)","41%
(12/29)",5/7,2/3,21,23,27,24,"62%
(13/21)","50%
(3/6)","69%
(62/90)","64%
(50/78)","36%
(28/78)","31%
(28/90)","54%
(90/168)","46%
(78/168)","87%
(13/15)","64%
(9/14)","36%
(5/14)","13%
(2/15)","62%
(18/29)","38%
(11/29)",wu-tung-lin,shevchenko-alexander,06.03.2023 19:10,"2
-
1
FINISHED",indian-wells-2023,,
