Aces_left,Aces_right,Double Faults_left,Double Faults_right,1st serve percentage_left,1st serve percentage_right,1st serve points won_left,1st serve points won_right,2nd serve points won_left,2nd serve points won_right,Break Points Saved_left,Break Points Saved_right,1st return points won_left,1st return points won_right,2nd return points won_left,2nd return points won_right,Break Points Converted_left,Break Points Converted_right,Service Points Won_left,Service Points Won_right,Return Points Won_left,Return Points Won_right,Total Points Won_left,Total Points Won_right,Service games won_left,Service games won_right,Return games won_left,Return games won_right,Total games won_left,Total games won_right,player_left,player_right,date,match_info,match_result_sets,sets_played,best_of_estimate,score_full,set_1_score,set_1_tiebreak,set_2_score,set_2_tiebreak,set_3_score,set_3_tiebreak,set_4_score,set_4_tiebreak,set_5_score,set_5_tiebreak,Unforced errors_left,Unforced errors_right,Winners_left,Winners_right
7,2,3,2,65%,63%,"79%
(31/39)","65%
(26/40)","67%
(14/21)","57%
(13/23)",5/5,5/7,"35%
(14/40)","21%
(8/39)","35%
(8/23)","19%
(4/21)",2/7,0/5,"75%
(45/60)","62%
(39/63)","38%
(24/63)","25%
(15/60)","56%
(69/123)","44%
(54/123)","100%
(10/10)","80%
(8/10)","20%
(2/10)","0%
(0/10)","60%
(12/20)","40%
(8/20)",boitan-gabi-adrian,panta-jorge-brian,28.11.2021 12:00,davis-cup-world-group-i-2021,2-0,2,3,2-0 | 6-4 | 6-4,6-4,,6-4,,,,,,,,,,,
9,11,0,2,66%,69%,"81%
(48/59)","74%
(53/72)","58%
(18/31)","44%
(14/32)",3/5,5/7,"26%
(19/72)","19%
(11/59)","50%
(16/32)","42%
(13/31)",2/7,2/5,"73%
(66/90)","64%
(67/104)","36%
(37/104)","27%
(24/90)","53%
(103/194)","47%
(91/194)","88%
(14/16)","87%
(13/15)","13%
(2/15)","13%
(2/16)","52%
(16/31)","48%
(15/31)",ruud-casper,stakhovsky-sergiy,27.11.2021 15:10,davis-cup-world-group-i-2021,2-1,3,3,2-1 | 4-6 | 6-3 | 7-6(7-4),4-6,,6-3,,7-6,7-4,,,,,,,,
6,3,3,3,55%,69%,"86%
(25/29)","61%
(22/36)","71%
(17/24)","50%
(8/16)",1/2,1/5,"39%
(14/36)","14%
(4/29)","31%
(5/16)","17%
(4/24)",4/5,1/2,"79%
(42/53)","58%
(30/52)","42%
(22/52)","21%
(11/53)","61%
(64/105)","38%
(40/105)","90%
(9/10)","60%
(6/10)","40%
(4/10)","10%
(1/10)","65%
(13/20)","35%
(7/20)",copil-marius,huertas-del-pino-conner,27.11.2021 12:00,davis-cup-world-group-i-2021,2-0,2,3,2-0 | 7-5 | 6-2,7-5,,6-2,,,,,,,,,,,
1,0,1,4,80%,75%,"73%
(32/44)","66%
(27/41)","91%
(10/11)","29%
(4/14)",1/1,2/5,"44%
(18/41)","36%
(16/44)","29%
(4/14)","0%
(0/11)",3/5,0/1,"71%
(39/55)","56%
(31/55)","44%
(24/55)","29%
(16/55)","57%
(63/110)","43%
(47/110)","100%
(9/9)","67%
(6/9)","33%
(3/9)","0%
(0/9)","67%
(12/18)","33%
(6/18)",frunza-nicolae,alvarez-nicolas,27.11.2021 10:15,davis-cup-world-group-i-2021,2-0,2,3,2-0 | 6-2 | 6-4,6-2,,6-4,,,,,,,,,,,
5,2,1,2,60%,68%,"65%
(22/34)","51%
(20/39)","65%
(15/23)","44%
(8/18)",3/4,4/8,"49%
(19/39)","35%
(12/34)","44%
(8/18)","30%
(7/23)",4/8,1/4,"65%
(37/57)","49%
(28/57)","51%
(29/57)","35%
(20/57)","58%
(66/114)","42%
(48/114)","89%
(8/9)","50%
(4/8)","50%
(4/8)","11%
(1/9)","71%
(12/17)","29%
(5/17)",ruud-casper,sachko-vitaliy,26.11.2021 18:30,davis-cup-world-group-i-2021,2-0,2,3,2-0 | 6-3 | 6-2,6-3,,6-2,,,,,,,,,,,
3,1,1,2,60%,61%,"84%
(21/25)","41%
(9/22)","71%
(12/17)","57%
(8/14)",2/2,2/6,"59%
(13/22)","16%
(4/25)","29%
(4/14)","24%
(4/17)",4/6,0/2,"79%
(33/42)","47%
(17/36)","53%
(19/36)","21%
(9/42)","67%
(52/78)","33%
(26/78)","100%
(8/8)","43%
(3/7)","57%
(4/7)","0%
(0/8)","80%
(12/15)","20%
(3/15)",durasovic-viktor,marchenko-illya,26.11.2021 17:05,davis-cup-world-group-i-2021,2-0,2,3,2-0 | 6-3 | 6-0,6-3,,6-0,,,,,,,,,,,
2,4,5,4,57%,51%,"56%
(20/36)","68%
(26/38)","22%
(6/27)","46%
(17/37)",2/8,9/13,"32%
(12/38)","44%
(16/36)","43%
(16/37)","59%
(16/27)",4/13,6/8,"41%
(26/63)","57%
(43/75)","43%
(32/75)","59%
(37/63)","42%
(58/138)","58%
(80/138)","40%
(4/10)","60%
(6/10)","40%
(4/10)","60%
(6/10)","40%
(8/20)","60%
(12/20)",dellien-velasco-murkel-alejandro,bemelmans-ruben,19.09.2021 20:10,davis-cup-world-group-i-2021,0-2,2,3,0-2 | 6-7(2-7) | 2-6,6-7,2-7,2-6,,,,,,,,,,,
4,0,2,2,64%,56%,"78%
(25/32)","56%
(18/32)","50%
(9/18)","32%
(8/25)",0/1,2/7,"44%
(14/32)","22%
(7/32)","60%
(15/25)","39%
(7/18)",5/7,1/1,"68%
(34/50)","46%
(26/57)","54%
(31/57)","32%
(16/50)","61%
(65/107)","39%
(42/107)","88%
(7/8)","38%
(3/8)","63%
(5/8)","13%
(1/8)","75%
(12/16)","25%
(4/16)",coria-federico,ostapenkov-daniil,19.09.2021 18:10,davis-cup-world-group-i-2021,2-0,2,3,2-0 | 6-3 | 6-1,6-3,,6-1,,,,,,,,,,,
3,7,3,2,73%,57%,"61%
(44/72)","82%
(31/38)","48%
(13/27)","66%
(19/29)",11/15,4/6,"18%
(7/38)","39%
(28/72)","28%
(8/29)","41%
(11/27)",2/6,4/15,"58%
(57/99)","75%
(50/67)","25%
(17/67)","42%
(42/99)","45%
(74/166)","51%
(84/166)","77%
(10/13)","85%
(11/13)","15%
(2/13)","23%
(3/13)","46%
(12/26)","54%
(14/26)",dellien-hugo,geerts-michael,19.09.2021 17:10,davis-cup-world-group-i-2021,1-2,3,3,1-2 | 4-6 | 6-4 | 2-6,4-6,,6-4,,2-6,,,,,,,,,
2,1,2,2,58%,72%,"91%
(20/22)","44%
(17/39)","63%
(10/16)","47%
(7/15)",0/0,3/8,"56%
(22/39)","9%
(2/22)","40%
(6/15)","25%
(4/16)",5/8,0/0,"79%
(30/38)","44%
(24/54)","56%
(30/54)","21%
(8/38)","65%
(60/92)","35%
(32/92)","100%
(7/7)","38%
(3/8)","63%
(5/8)","0%
(0/7)","80%
(12/15)","20%
(3/15)",schwartzman-diego,zgirovsky-alexander,19.09.2021 16:35,davis-cup-world-group-i-2021,2-0,2,3,2-0 | 6-1 | 6-2,6-1,,6-2,,,,,,,,,,,
0,2,5,4,61%,57%,"56%
(19/34)","62%
(21/34)","27%
(6/22)","62%
(16/26)",3/8,4/6,"38%
(13/34)","44%
(15/34)","23%
(6/26)","50%
(11/22)",2/6,5/8,"45%
(25/56)","62%
(37/60)","38%
(23/60)","55%
(31/56)","41%
(48/116)","59%
(68/116)","38%
(3/8)","78%
(7/9)","22%
(2/9)","63%
(5/8)","29%
(5/17)","71%
(12/17)",carou-ignacio,haase-robin,19.09.2021 14:50,davis-cup-world-group-i-2021,0-2,2,3,0-2 | 3-6 | 2-6,3-6,,2-6,,,,,,,,,,,
10,6,2,4,61%,63%,"70%
(32/46)","74%
(35/47)","66%
(19/29)","57%
(16/28)",0/2,2/4,"28%
(13/47)","35%
(16/46)","29%
(8/28)","24%
(7/29)",2/4,2/2,"68%
(51/75)","68%
(51/75)","32%
(24/75)","32%
(24/75)","50%
(75/150)","50%
(75/150)","86%
(12/14)","85%
(11/13)","15%
(2/13)","14%
(2/14)","52%
(14/27)","48%
(13/27)",copil-marius,sousa-joao,19.09.2021 11:05,davis-cup-world-group-i-2021,2-1,3,3,2-1 | 6-3 | 2-6 | 6-4,6-3,,2-6,,6-4,,,,,,,,,
3,0,3,0,64%,62%,"30%
(8/27)","69%
(18/26)","33%
(5/15)","69%
(11/16)",3/9,2/2,"31%
(8/26)","70%
(19/27)","31%
(5/16)","47%
(7/15)",0/2,6/9,"31%
(13/42)","69%
(29/42)","31%
(13/42)","69%
(29/42)","31%
(26/84)","69%
(58/84)","14%
(1/7)","100%
(6/6)","0%
(0/6)","86%
(6/7)","8%
(1/13)","92%
(12/13)",tabet-roey,pucinelli-de-almeida-matheus,19.09.2021 10:10,davis-cup-world-group-i-2021,0-2,2,3,0-2 | 0-6 | 1-6,0-6,,1-6,,,,,,,,,,,
1,2,2,1,74%,70%,"61%
(34/56)","55%
(28/51)","45%
(9/20)","55%
(12/22)",6/10,5/10,"45%
(23/51)","39%
(22/56)","41%
(9/22)","45%
(9/20)",5/10,4/10,"57%
(43/76)","55%
(40/73)","45%
(33/73)","43%
(33/76)","50%
(75/149)","48%
(72/149)","64%
(7/11)","55%
(6/11)","45%
(5/11)","36%
(4/11)","55%
(12/22)","45%
(10/22)",alvarez-nicolas,fatic-nerman,18.09.2021 21:55,davis-cup-world-group-i-2021,2-0,2,3,2-0 | 7-6(7-4) | 6-4,7-6,7-4,6-4,,,,,,,,,,,
0,1,1,1,76%,83%,"81%
(26/32)","48%
(19/40)","90%
(9/10)","88%
(7/8)",2/2,2/6,"53%
(21/40)","19%
(6/32)","0%
(0/8)","0%
(0/10)",4/6,0/2,"79%
(33/42)","52%
(25/48)","48%
(23/48)","21%
(9/42)","62%
(56/90)","38%
(34/90)","100%
(8/8)","50%
(4/8)","50%
(4/8)","0%
(0/8)","75%
(12/16)","25%
(4/16)",varillas-juan-pablo,dzumhur-damir,18.09.2021 20:20,davis-cup-world-group-i-2021,2-0,2,3,2-0 | 6-1 | 6-3,6-1,,6-3,,,,,,,,0,4,,
2,1,5,2,68%,63%,"73%
(38/52)","62%
(39/63)","58%
(14/24)","49%
(18/37)",1/3,8/12,"38%
(24/63)","27%
(14/52)","46%
(17/37)","21%
(5/24)",4/12,2/3,"68%
(52/76)","57%
(57/100)","43%
(43/100)","32%
(24/76)","54%
(95/176)","46%
(81/176)","86%
(12/14)","71%
(10/14)","29%
(4/14)","14%
(2/14)","57%
(16/28)","43%
(12/28)",dellien-velasco-murkel-alejandro,bergs-zizou,18.09.2021 17:00,davis-cup-world-group-i-2021,2-1,3,3,2-1 | 6-4 | 4-6 | 6-2,6-4,,4-6,,6-2,,,,,,,,,
7,4,2,2,52%,55%,"71%
(20/28)","80%
(24/30)","38%
(10/26)","52%
(13/25)",1/5,2/3,"27%
(8/30)","29%
(8/28)","40%
(10/25)","54%
(14/26)",1/3,4/5,"56%
(30/54)","67%
(37/55)","33%
(18/55)","44%
(24/54)","44%
(48/109)","56%
(61/109)","56%
(5/9)","89%
(8/9)","11%
(1/9)","44%
(4/9)","33%
(6/18)","67%
(12/18)",statham-jose-rubin,kwon-soon-woo,18.09.2021 17:00,davis-cup-world-group-i-2021,0-2,2,3,0-2 | 3-6 | 3-6,3-6,,3-6,,,,,,,,5,8,0,0
3,2,1,3,77%,54%,"68%
(27/40)","50%
(15/30)","42%
(5/12)","27%
(7/26)",3/4,4/10,"50%
(15/30)","33%
(13/40)","62%
(16/26)","50%
(6/12)",6/10,1/4,"62%
(32/52)","39%
(22/56)","61%
(34/56)","38%
(20/52)","61%
(66/108)","39%
(42/108)","86%
(6/7)","25%
(2/8)","75%
(6/8)","14%
(1/7)","80%
(12/15)","20%
(3/15)",pella-guido,erik-arutiunian,18.09.2021 16:15,davis-cup-world-group-i-2021,2-0,2,3,2-0 | 6-1 | 6-2,6-1,,6-2,,,,,,,,6,2,,
5,3,0,0,68%,74%,"91%
(21/23)","48%
(14/29)","64%
(7/11)","10%
(1/10)",0/0,0/5,"52%
(15/29)","9%
(2/23)","90%
(9/10)","36%
(4/11)",5/5,0/0,"82%
(28/34)","38%
(15/39)","62%
(24/39)","18%
(6/34)","71%
(52/73)","29%
(21/73)","100%
(7/7)","17%
(1/6)","83%
(5/6)","0%
(0/7)","92%
(12/13)","8%
(1/13)",gombos-norbert,garin-cristian,18.09.2021 15:35,davis-cup-world-group-i-2021,2-0,2,3,2-0 | 6-0 | 6-1,6-0,,6-1,,,,,,,,,,,
4,2,3,5,67%,46%,"82%
(27/33)","58%
(14/24)","44%
(7/16)","54%
(15/28)",0/1,1/5,"42%
(10/24)","18%
(6/33)","29%
(8/28)","38%
(6/16)",4/5,1/1,"69%
(34/49)","56%
(29/52)","44%
(23/52)","31%
(15/49)","56%
(57/101)","44%
(44/101)","89%
(8/9)","60%
(6/10)","40%
(4/10)","11%
(1/9)","63%
(12/19)","37%
(7/19)",dellien-hugo,bemelmans-ruben,18.09.2021 15:10,davis-cup-world-group-i-2021,2-0,2,3,2-0 | 6-3 | 6-4,6-3,,6-4,,,,,,,,,,,
5,5,1,0,79%,70%,"70%
(26/37)","58%
(28/48)","70%
(7/10)","19%
(4/21)",2/3,3/8,"42%
(20/48)","30%
(11/37)","81%
(17/21)","20%
(2/10)",5/8,1/3,"70%
(33/47)","46%
(32/69)","54%
(37/69)","30%
(14/47)","60%
(70/116)","40%
(46/116)","88%
(7/8)","38%
(3/8)","63%
(5/8)","13%
(1/8)","75%
(12/16)","25%
(4/16)",ruud-casper,fayziev-sanjar,18.09.2021 14:20,davis-cup-world-group-i-2021,2-0,2,3,2-0 | 6-3 | 6-1,6-3,,6-1,,,,,,,,,,,
0,2,1,4,64%,73%,"31%
(10/32)","79%
(23/29)","44%
(8/18)","36%
(4/11)",4/10,1/2,"21%
(6/29)","69%
(22/32)","27%
(3/11)","50%
(9/18)",1/2,6/10,"36%
(18/50)","68%
(27/40)","33%
(13/40)","64%
(32/50)","34%
(31/90)","66%
(59/90)","25%
(2/8)","86%
(6/7)","14%
(1/7)","75%
(6/8)","20%
(3/15)","80%
(12/15)",llanes-francisco,van-de-zandschulp-botic,18.09.2021 14:10,davis-cup-world-group-i-2021,0-2,2,3,0-2 | 0-6 | 3-6,0-6,,3-6,,,,,,,,,,,
0,3,4,7,63%,51%,"61%
(23/38)","64%
(25/39)","23%
(5/22)","45%
(17/38)",2/8,7/11,"36%
(14/39)","39%
(15/38)","37%
(14/38)","59%
(13/22)",4/11,6/8,"47%
(28/60)","55%
(42/77)","45%
(35/77)","53%
(32/60)","46%
(63/137)","54%
(74/137)","33%
(3/9)","60%
(6/10)","40%
(4/10)","67%
(6/9)","37%
(7/19)","63%
(12/19)",schwartzman-diego,ostapenkov-daniil,18.09.2021 14:10,davis-cup-world-group-i-2021,0-2,2,3,0-2 | 4-6 | 3-6,4-6,,3-6,,,,,,,,,,,
9,10,5,1,54%,77%,"86%
(30/35)","91%
(39/43)","33%
(10/30)","54%
(7/13)",4/6,3/3,"9%
(4/43)","14%
(5/35)","38%
(5/13)","50%
(15/30)",0/3,2/6,"62%
(40/65)","82%
(46/56)","18%
(10/56)","38%
(25/65)","41%
(50/121)","59%
(71/121)","80%
(8/10)","100%
(11/11)","0%
(0/11)","20%
(2/10)","38%
(8/21)","62%
(13/21)",niklas-salminen-patrik,gunneswaran-prajnesh,18.09.2021 13:30,davis-cup-world-group-i-2021,0-2,2,3,0-2 | 3-6 | 5-7,3-6,,5-7,,,,,,,,,,,
11,5,2,1,57%,45%,"96%
(24/25)","70%
(23/33)","68%
(13/19)","45%
(18/40)",1/1,6/9,"30%
(10/33)","4%
(1/25)","53%
(21/40)","21%
(4/19)",3/9,0/1,"84%
(37/44)","56%
(41/73)","44%
(32/73)","16%
(7/44)","59%
(69/117)","41%
(48/117)","100%
(9/9)","70%
(7/10)","30%
(3/10)","0%
(0/9)","63%
(12/19)","37%
(7/19)",copil-marius,elias-gastao,18.09.2021 11:05,davis-cup-world-group-i-2021,2-0,2,3,2-0 | 6-4 | 6-3,6-4,,6-3,,,,,,,,,,,
3,1,5,1,67%,72%,"50%
(21/42)","72%
(28/39)","43%
(9/21)","53%
(8/15)",5/10,4/5,"28%
(11/39)","50%
(21/42)","40%
(6/15)","33%
(7/21)",1/5,5/10,"48%
(30/63)","67%
(36/54)","33%
(18/54)","52%
(33/63)","41%
(48/117)","59%
(69/117)","38%
(3/8)","88%
(7/8)","13%
(1/8)","63%
(5/8)","25%
(4/16)","75%
(12/16)",habib-hady,meligeni-rodrigues-alves-felipe,18.09.2021 11:05,davis-cup-world-group-i-2021,0-2,2,3,0-2 | 1-6 | 3-6,1-6,,3-6,,,,,,,,,,,
6,2,4,2,48%,68%,"87%
(26/30)","85%
(33/39)","42%
(14/33)","56%
(10/18)",1/3,2/2,"15%
(6/39)","13%
(4/30)","33%
(6/18)","45%
(15/33)",0/2,2/3,"63%
(40/63)","75%
(43/57)","25%
(14/57)","37%
(23/63)","45%
(54/120)","55%
(66/120)","80%
(8/10)","100%
(10/10)","0%
(0/10)","20%
(2/10)","40%
(8/20)","60%
(12/20)",hassan-benjamin,luz-orlando,18.09.2021 09:10,davis-cup-world-group-i-2021,0-2,2,3,0-2 | 4-6 | 4-6,4-6,,4-6,,,,,,,,,,,
3,2,2,2,69%,59%,"73%
(29/40)","76%
(28/37)","33%
(6/18)","58%
(15/26)",4/7,0/1,"24%
(9/37)","28%
(11/40)","35%
(9/26)","56%
(10/18)",1/1,3/7,"60%
(35/58)","68%
(43/63)","32%
(20/63)","40%
(23/58)","45%
(55/121)","55%
(66/121)","70%
(7/10)","91%
(10/11)","9%
(1/11)","30%
(3/10)","38%
(8/21)","62%
(13/21)",jianu-filip-cristian,sousa-joao,18.09.2021 09:10,davis-cup-world-group-i-2021,0-2,2,3,0-2 | 3-6 | 5-7,3-6,,5-7,,,,,,,,,,,
4,0,1,1,63%,68%,"74%
(39/53)","56%
(40/71)","35%
(11/31)","48%
(16/33)",6/9,8/12,"44%
(31/71)","26%
(14/53)","48%
(16/33)","61%
(19/31)",4/12,3/9,"60%
(50/84)","54%
(56/104)","46%
(48/104)","40%
(34/84)","52%
(98/188)","48%
(90/188)","75%
(9/12)","67%
(8/12)","33%
(4/12)","25%
(3/12)","54%
(13/24)","46%
(11/24)",varillas-juan-pablo,basic-mirza,17.09.2021 23:05,davis-cup-world-group-i-2021,2-0,2,3,2-0 | 7-5 | 7-6(9-7),7-5,,7-6,9-7,,,,,,,,,,
0,1,3,4,64%,70%,"58%
(38/66)","64%
(45/70)","46%
(17/37)","67%
(20/30)",8/13,4/6,"36%
(25/70)","42%
(28/66)","17%
(5/30)","46%
(17/37)",2/6,5/13,"53%
(55/103)","65%
(65/100)","35%
(35/100)","47%
(48/103)","44%
(90/203)","56%
(113/203)","64%
(9/14)","87%
(13/15)","13%
(2/15)","36%
(5/14)","38%
(11/29)","62%
(18/29)",alvarez-nicolas,dzumhur-damir,17.09.2021 20:10,davis-cup-world-group-i-2021,1-2,3,3,1-2 | 2-6 | 7-6(7-4) | 3-6,2-6,,7-6,7-4,3-6,,,,,,,,,
7,4,2,5,71%,69%,"78%
(32/41)","64%
(36/56)","65%
(11/17)","56%
(14/25)",0/0,9/11,"36%
(20/56)","22%
(9/41)","24%
(6/25)","24%
(4/17)",2/11,0/0,"74%
(43/58)","62%
(50/81)","38%
(31/81)","26%
(15/58)","53%
(74/139)","47%
(65/139)","100%
(10/10)","80%
(8/10)","20%
(2/10)","0%
(0/10)","60%
(12/20)","40%
(8/20)",durasovic-viktor,istomin-denis,17.09.2021 17:55,davis-cup-world-group-i-2021,2-0,2,3,2-0 | 6-4 | 6-4,6-4,,6-4,,,,,,,,,,,
5,5,4,2,65%,57%,"62%
(26/42)","74%
(28/38)","43%
(10/23)","62%
(18/29)",3/6,3/5,"26%
(10/38)","38%
(16/42)","31%
(9/29)","39%
(9/23)",2/5,3/6,"55%
(36/65)","69%
(46/67)","31%
(21/67)","45%
(29/65)","43%
(57/132)","57%
(75/132)","70%
(7/10)","82%
(9/11)","18%
(2/11)","30%
(3/10)","43%
(9/21)","57%
(12/21)",reynolds-finn,kwon-soon-woo,17.09.2021 17:50,davis-cup-world-group-i-2021,0-2,2,3,0-2 | 6-7(1-7) | 3-6,6-7,1-7,3-6,,,,,,,,,,,
6,11,6,3,66%,70%,"74%
(55/74)","75%
(42/56)","47%
(18/38)","50%
(12/24)",5/6,1/4,"25%
(14/56)","26%
(19/74)","38%
(9/24)","37%
(14/38)",3/4,1/6,"65%
(73/112)","68%
(54/80)","33%
(26/80)","35%
(39/112)","52%
(99/192)","48%
(93/192)","94%
(15/16)","79%
(11/14)","21%
(3/14)","6%
(1/16)","60%
(18/30)","40%
(12/30)",gombos-norbert,jarry-nicolas,17.09.2021 17:25,davis-cup-world-group-i-2021,2-1,3,3,2-1 | 6-3 | 6-7(5-7) | 6-3,6-3,,6-7,5-7,6-3,,,,,,,,,
2,1,3,4,56%,59%,"74%
(25/34)","69%
(27/39)","56%
(15/27)","33%
(9/27)",1/3,4/8,"31%
(12/39)","26%
(9/34)","52%
(14/27)","33%
(9/27)",4/8,2/3,"66%
(40/61)","55%
(36/66)","45%
(30/66)","34%
(21/61)","55%
(70/127)","45%
(57/127)","82%
(9/11)","64%
(7/11)","36%
(4/11)","18%
(2/11)","59%
(13/22)","41%
(9/22)",ruusuvuori-emil,ramanathan-ramkumar,17.09.2021 17:05,davis-cup-world-group-i-2021,2-0,2,3,2-0 | 6-4 | 7-5,6-4,,7-5,,,,,,,,,,,
4,8,1,3,73%,61%,"62%
(18/29)","77%
(24/31)","36%
(4/11)","55%
(11/20)",1/5,2/2,"23%
(7/31)","38%
(11/29)","30%
(6/20)","55%
(6/11)",0/2,4/5,"55%
(22/40)","69%
(35/51)","31%
(16/51)","45%
(18/40)","42%
(38/91)","58%
(53/91)","50%
(4/8)","100%
(8/8)","0%
(0/8)","50%
(4/8)","25%
(4/16)","75%
(12/16)",statham-jose-rubin,nam-ji-sung,17.09.2021 16:20,davis-cup-world-group-i-2021,0-2,2,3,0-2 | 2-6 | 2-6,2-6,,2-6,,,,,,,,,,,
5,2,2,0,72%,79%,"71%
(24/34)","58%
(22/38)","54%
(7/13)","30%
(3/10)",2/4,3/8,"42%
(16/38)","29%
(10/34)","70%
(7/10)","31%
(4/13)",5/8,2/4,"66%
(31/47)","52%
(25/48)","48%
(23/48)","34%
(16/47)","57%
(54/95)","43%
(41/95)","78%
(7/9)","44%
(4/9)","56%
(5/9)","22%
(2/9)","67%
(12/18)","33%
(6/18)",ruud-casper,sultanov-khumoyun,17.09.2021 16:15,davis-cup-world-group-i-2021,2-0,2,3,2-0 | 6-3 | 6-3,6-3,,6-3,,,,,,,,,,,
5,2,1,0,77%,67%,"65%
(28/43)","81%
(25/31)","38%
(5/13)","80%
(12/15)",3/6,1/1,"19%
(6/31)","35%
(15/43)","20%
(3/15)","54%
(7/13)",0/1,3/6,"59%
(33/56)","80%
(37/46)","20%
(9/46)","41%
(23/56)","41%
(42/102)","59%
(60/102)","67%
(6/9)","100%
(9/9)","0%
(0/9)","33%
(3/9)","33%
(6/18)","67%
(12/18)",molcan-alex,garin-cristian,17.09.2021 15:35,davis-cup-world-group-i-2021,0-2,2,3,0-2 | 2-6 | 4-6,2-6,,4-6,,,,,,,,,,,
10,6,4,2,73%,58%,"80%
(44/55)","78%
(31/40)","50%
(10/20)","52%
(15/29)",2/2,7/8,"23%
(9/40)","20%
(11/55)","41%
(12/29)","30%
(6/20)",1/8,0/2,"72%
(54/75)","67%
(46/69)","33%
(23/69)","28%
(21/75)","53%
(77/144)","47%
(67/144)","100%
(11/11)","90%
(9/10)","10%
(1/10)","0%
(0/11)","57%
(12/21)","43%
(9/21)",virtanen-otto,gunneswaran-prajnesh,17.09.2021 15:05,davis-cup-world-group-i-2021,2-0,2,3,2-0 | 6-3 | 7-6(7-1),6-3,,7-6,7-1,,,,,,,,,,
7,1,1,0,56%,55%,"89%
(24/27)","64%
(18/28)","62%
(13/21)","52%
(12/23)",1/1,3/6,"36%
(10/28)","11%
(3/27)","48%
(11/23)","33%
(7/21)",3/6,0/1,"77%
(37/48)","59%
(30/51)","41%
(21/51)","23%
(11/48)","59%
(58/99)","41%
(41/99)","100%
(9/9)","67%
(6/9)","33%
(3/9)","0%
(0/9)","67%
(12/18)","33%
(6/18)",stakhovsky-sergiy,oliel-yshai,06.03.2021 14:15,davis-cup-world-group-i-2021,2-0,2,3,2-0 | 6-4 | 6-2,6-4,,6-2,,,,,,,,,,,
5,2,1,0,53%,70%,"74%
(23/31)","59%
(23/39)","56%
(15/27)","35%
(6/17)",4/5,4/8,"41%
(16/39)","26%
(8/31)","65%
(11/17)","41%
(11/27)",4/8,1/5,"66%
(38/58)","52%
(29/56)","48%
(27/56)","34%
(20/58)","57%
(65/114)","43%
(49/114)","89%
(8/9)","50%
(4/8)","50%
(4/8)","11%
(1/9)","71%
(12/17)","29%
(5/17)",marchenko-illya,leshem-edan,06.03.2021 12:25,davis-cup-world-group-i-2021,2-0,2,3,2-0 | 6-3 | 6-2,6-3,,6-2,,,,,,,,,,,
0,2,2,3,63%,62%,"42%
(10/24)","88%
(21/24)","36%
(5/14)","53%
(8/15)",1/6,0/0,"13%
(3/24)","58%
(14/24)","33%
(5/15)","50%
(7/14)",0/0,5/6,"39%
(15/38)","74%
(29/39)","26%
(10/39)","61%
(23/38)","32%
(25/77)","68%
(52/77)","29%
(2/7)","100%
(7/7)","0%
(0/7)","71%
(5/7)","14%
(2/14)","86%
(12/14)",murtaza-muzammil,shimizu-yuta,06.03.2021 08:05,davis-cup-world-group-i-2021,0-2,2,3,0-2 | 1-6 | 1-6,1-6,,1-6,,,,,,,,2,0,,
9,5,3,3,61%,68%,"67%
(33/49)","76%
(38/50)","48%
(15/31)","50%
(12/24)",5/9,2/4,"24%
(12/50)","33%
(16/49)","38%
(9/24)","42%
(13/31)",2/4,4/9,"60%
(48/80)","68%
(50/74)","32%
(24/74)","40%
(32/80)","46%
(71/154)","53%
(82/154)","69%
(9/13)","85%
(11/13)","15%
(2/13)","31%
(4/13)","42%
(11/26)","58%
(15/26)",stakhovsky-sergiy,leshem-edan,05.03.2021 15:45,davis-cup-world-group-i-2021,1-2,3,3,1-2 | 3-6 | 6-3 | 2-6,3-6,,6-3,,2-6,,,,,,,,,
9,1,5,4,54%,58%,"65%
(28/43)","61%
(27/44)","47%
(17/36)","47%
(15/32)",6/10,4/9,"39%
(17/44)","35%
(15/43)","41%
(13/32)","39%
(14/36)",5/9,4/10,"57%
(46/81)","55%
(42/76)","45%
(34/76)","43%
(35/81)","50%
(79/157)","48%
(76/157)","67%
(8/12)","58%
(7/12)","42%
(5/12)","33%
(4/12)","54%
(13/24)","46%
(11/24)",marchenko-illya,cukierman-daniel,05.03.2021 13:15,davis-cup-world-group-i-2021,2-1,3,3,2-1 | 1-6 | 6-3 | 6-2,1-6,,6-3,,6-2,,,,,,,,,
7,8,10,4,49%,59%,"81%
(29/36)","71%
(27/38)","35%
(13/37)","54%
(14/26)",3/7,4/7,"29%
(11/38)","19%
(7/36)","31%
(8/26)","38%
(14/37)",3/7,4/7,"58%
(42/73)","64%
(41/64)","36%
(23/64)","42%
(31/73)","47%
(65/137)","53%
(72/137)","64%
(7/11)","73%
(8/11)","27%
(3/11)","36%
(4/11)","45%
(10/22)","55%
(12/22)",qureshi-aisam-ul-haq,uchida-kaichi,05.03.2021 07:50,davis-cup-world-group-i-2021,0-2,2,3,0-2 | 4-6 | 6-7(4-7),4-6,,6-7,4-7,,,,,,,,,,
2,12,4,1,51%,48%,"65%
(20/31)","77%
(20/26)","37%
(11/30)","64%
(18/28)",2/6,3/3,"23%
(6/26)","35%
(11/31)","32%
(9/28)","50%
(15/30)",0/3,4/6,"51%
(31/61)","70%
(38/54)","30%
(16/54)","49%
(30/61)","41%
(47/115)","59%
(68/115)","56%
(5/9)","100%
(8/8)","0%
(0/8)","44%
(4/9)","29%
(5/17)","71%
(12/17)",khan-aqeel,watanuki-yosuke-1998,05.03.2021 06:10,davis-cup-world-group-i-2021,0-2,2,3,0-2 | 3-6 | 2-6,3-6,,2-6,,,,,,,,,,,
