Aces_left,Aces_right,Double Faults_left,Double Faults_right,1st serve percentage_left,1st serve percentage_right,1st serve points won_left,1st serve points won_right,2nd serve points won_left,2nd serve points won_right,Break Points Saved_left,Break Points Saved_right,1st return points won_left,1st return points won_right,2nd return points won_left,2nd return points won_right,Break Points Converted_left,Break Points Converted_right,Service Points Won_left,Service Points Won_right,Return Points Won_left,Return Points Won_right,Total Points Won_left,Total Points Won_right,Service games won_left,Service games won_right,Return games won_left,Return games won_right,Total games won_left,Total games won_right,player_left,player_right,date,match_info,match_result_sets,sets_played,best_of_estimate,score_full,set_1_score,set_1_tiebreak,set_2_score,set_2_tiebreak,set_3_score,set_3_tiebreak,set_4_score,set_4_tiebreak,set_5_score,set_5_tiebreak
8,3,1,2,75%,62%,"72%
(26/36)","83%
(30/36)","17%
(2/12)","50%
(11/22)",5/8,2/2,"17%
(6/36)","28%
(10/36)","50%
(11/22)","83%
(10/12)",0/2,3/8,"58%
(28/48)","71%
(41/58)","29%
(17/58)","42%
(20/48)","42%
(45/106)","58%
(61/106)","63%
(5/8)","100%
(9/9)","0%
(0/9)","38%
(3/8)","29%
(5/17)","71%
(12/17)",harris-lloyd,karatsev-aslan,20.03.2021 15:10,dubai-2021,0-2,2,3,0-2 | 3-6 | 2-6,3-6,,2-6,,,,,,,
7,5,6,2,56%,53%,"78%
(35/45)","66%
(39/59)","54%
(19/35)","48%
(25/52)",2/4,12/16,"34%
(20/59)","22%
(10/45)","48%
(25/52)","29%
(10/35)",4/16,2/4,"68%
(54/80)","58%
(64/111)","42%
(47/111)","33%
(26/80)","53%
(101/191)","47%
(90/191)","86%
(12/14)","71%
(10/14)","29%
(4/14)","14%
(2/14)","57%
(16/28)","43%
(12/28)",karatsev-aslan,rublev-andrey,19.03.2021 16:10,dubai-2021,2-1,3,3,2-1 | 6-2 | 4-6 | 6-4,6-2,,4-6,,6-4,,,,,
12,8,2,8,68%,67%,"80%
(57/71)","75%
(54/72)","53%
(18/34)","47%
(17/36)",3/4,1/3,"25%
(18/72)","20%
(14/71)","31%
(11/36)","41%
(14/34)",2/3,1/4,"71%
(75/105)","66%
(71/108)","34%
(37/108)","29%
(30/105)","53%
(112/213)","47%
(101/213)","94%
(16/17)","88%
(15/17)","12%
(2/17)","6%
(1/17)","53%
(18/34)","47%
(16/34)",harris-lloyd,shapovalov-denis,19.03.2021 13:10,dubai-2021,2-1,3,3,2-1 | 6-7(5-7) | 6-4 | 7-6(8-6),6-7,5-7,6-4,,7-6,8-6,,,,
1,2,9,3,51%,66%,"63%
(24/38)","82%
(31/38)","47%
(17/36)","55%
(11/20)",5/8,1/1,"18%
(7/38)","37%
(14/38)","30%
(6/20)","28%
(10/36)",0/1,3/8,"55%
(41/74)","72%
(42/58)","28%
(16/58)","45%
(33/74)","43%
(57/132)","57%
(75/132)","70%
(7/10)","100%
(10/10)","0%
(0/10)","30%
(3/10)","35%
(7/20)","65%
(13/20)",fucsovics-marton,rublev-andrey,18.03.2021 17:40,dubai-2021,0-2,2,3,0-2 | 5-7 | 2-6,5-7,,2-6,,,,,,,
14,1,2,2,71%,67%,"70%
(42/60)","69%
(29/42)","52%
(13/25)","52%
(11/21)",3/5,1/5,"31%
(13/42)","30%
(18/60)","38%
(8/21)","40%
(10/25)",4/5,2/5,"65%
(55/85)","63%
(40/63)","37%
(23/63)","35%
(30/85)","53%
(78/148)","47%
(70/148)","85%
(11/13)","67%
(8/12)","33%
(4/12)","15%
(2/13)","60%
(15/25)","40%
(10/25)",harris-lloyd,nishikori-kei,18.03.2021 15:45,dubai-2021,2-1,3,3,2-1 | 6-1 | 3-6 | 6-3,6-1,,3-6,,6-3,,,,,
6,10,4,4,67%,57%,"79%
(49/62)","65%
(40/62)","50%
(15/30)","51%
(24/47)",4/6,9/14,"35%
(22/62)","21%
(13/62)","40%
(19/47)","37%
(11/30)",5/14,2/6,"70%
(64/92)","59%
(64/109)","41%
(45/109)","30%
(28/92)","54%
(109/201)","46%
(92/201)","87%
(13/15)","64%
(9/14)","36%
(5/14)","13%
(2/15)","62%
(18/29)","38%
(11/29)",karatsev-aslan,sinner-jannik,18.03.2021 12:55,dubai-2021,2-1,3,3,2-1 | 6-7(5-7) | 6-3 | 6-2,6-7,5-7,6-3,,6-2,,,,,
10,0,2,3,56%,51%,"93%
(26/28)","75%
(24/32)","82%
(18/22)","58%
(18/31)",0/0,0/2,"25%
(8/32)","7%
(2/28)","32%
(10/31)","9%
(2/22)",2/2,0/0,"88%
(44/50)","67%
(42/63)","33%
(21/63)","12%
(6/50)","58%
(65/113)","42%
(48/113)","100%
(11/11)","82%
(9/11)","18%
(2/11)","0%
(0/11)","59%
(13/22)","41%
(9/22)",shapovalov-denis,chardy-jeremy,18.03.2021 11:10,dubai-2021,2-0,2,3,2-0 | 7-5 | 6-4,7-5,,6-4,,,,,,,
13,3,1,1,66%,55%,"88%
(36/41)","75%
(30/40)","52%
(11/21)","55%
(18/33)",2/3,7/9,"25%
(10/40)","12%
(5/41)","42%
(14/33)","43%
(9/21)",2/9,1/3,"76%
(47/62)","66%
(48/73)","34%
(25/73)","24%
(15/62)","53%
(72/135)","47%
(63/135)","91%
(10/11)","82%
(9/11)","18%
(2/11)","9%
(1/11)","55%
(12/22)","45%
(10/22)",harris-lloyd,krajinovic-filip,17.03.2021 17:50,dubai-2021,2-0,2,3,2-0 | 7-6(7-5) | 6-4,7-6,7-5,6-4,,,,,,,
6,12,4,3,43%,58%,"73%
(19/26)","80%
(24/30)","29%
(10/34)","64%
(14/22)",2/6,6/6,"20%
(6/30)","27%
(7/26)","23%
(5/22)","59%
(20/34)",0/6,4/6,"48%
(29/60)","73%
(38/52)","27%
(14/52)","52%
(31/60)","38%
(43/112)","62%
(69/112)","50%
(4/8)","100%
(8/8)","0%
(0/8)","50%
(4/8)","25%
(4/16)","75%
(12/16)",fritz-taylor,rublev-andrey,17.03.2021 17:15,dubai-2021,0-2,2,3,0-2 | 3-6 | 1-6,3-6,,1-6,,,,,,,
4,2,3,2,67%,74%,"68%
(36/53)","67%
(36/54)","69%
(18/26)","42%
(8/19)",3/5,2/6,"33%
(18/54)","32%
(17/53)","47%
(9/19)","19%
(5/26)",4/6,2/5,"68%
(54/79)","60%
(44/73)","40%
(29/73)","32%
(25/79)","55%
(83/152)","45%
(69/152)","86%
(12/14)","69%
(9/13)","31%
(4/13)","14%
(2/14)","59%
(16/27)","41%
(11/27)",fucsovics-marton,lajovic-dusan,17.03.2021 15:45,dubai-2021,2-1,3,3,2-1 | 6-1 | 4-6 | 6-4,6-1,,4-6,,6-4,,,,,
11,9,6,0,52%,58%,"73%
(30/41)","68%
(26/38)","45%
(17/38)","79%
(22/28)",10/12,2/2,"32%
(12/38)","27%
(11/41)","21%
(6/28)","39%
(15/38)",0/2,2/12,"59%
(47/79)","73%
(48/66)","27%
(18/66)","41%
(32/79)","45%
(65/145)","55%
(80/145)","80%
(8/10)","100%
(10/10)","0%
(0/10)","20%
(2/10)","40%
(8/20)","60%
(12/20)",bedene-aljaz,nishikori-kei,17.03.2021 15:15,dubai-2021,0-2,2,3,0-2 | 4-6 | 4-6,4-6,,4-6,,,,,,,
6,3,3,5,76%,63%,"71%
(49/69)","73%
(41/56)","41%
(9/22)","67%
(22/33)",6/8,6/7,"27%
(15/56)","29%
(20/69)","18%
(6/33)","45%
(10/22)",1/7,2/8,"64%
(58/91)","71%
(63/89)","29%
(26/89)","36%
(33/91)","47%
(84/180)","53%
(96/180)","86%
(12/14)","93%
(13/14)","7%
(1/14)","14%
(2/14)","46%
(13/28)","54%
(15/28)",sonego-lorenzo,karatsev-aslan,17.03.2021 13:05,dubai-2021,1-2,3,3,1-2 | 6-3 | 3-6 | 4-6,6-3,,3-6,,4-6,,,,,
16,5,3,1,63%,65%,"78%
(50/64)","79%
(42/53)","38%
(14/37)","55%
(16/29)",5/7,2/5,"21%
(11/53)","22%
(14/64)","41%
(12/29)","54%
(20/37)",3/5,2/7,"63%
(64/101)","71%
(58/82)","29%
(24/82)","37%
(37/101)","48%
(88/183)","52%
(95/183)","87%
(13/15)","81%
(13/16)","19%
(3/16)","13%
(2/15)","52%
(16/31)","48%
(15/31)",sinner-jannik,bautista-agut-roberto,17.03.2021 12:15,dubai-2021,2-1,3,3,2-1 | 6-4 | 3-6 | 7-5,6-4,,3-6,,7-5,,,,,
19,12,5,6,61%,65%,"71%
(52/73)","77%
(59/77)","54%
(25/46)","44%
(18/41)",2/2,6/8,"23%
(18/77)","29%
(21/73)","41%
(17/41)","35%
(16/46)",2/8,0/2,"65%
(77/119)","65%
(77/118)","35%
(41/118)","35%
(42/119)","50%
(118/237)","50%
(119/237)","100%
(16/16)","88%
(14/16)","13%
(2/16)","0%
(0/16)","56%
(18/32)","44%
(14/32)",chardy-jeremy,khachanov-karen,17.03.2021 10:15,dubai-2021,2-1,3,3,2-1 | 6-7(3-7) | 6-4 | 6-4,6-7,3-7,6-4,,6-4,,,,,
5,1,2,1,63%,77%,"90%
(28/31)","59%
(30/51)","56%
(10/18)","40%
(6/15)",1/1,4/7,"41%
(21/51)","10%
(3/31)","53%
(8/15)","33%
(6/18)",3/7,0/1,"78%
(38/49)","55%
(36/66)","45%
(30/66)","22%
(11/49)","59%
(68/115)","41%
(47/115)","100%
(9/9)","70%
(7/10)","30%
(3/10)","0%
(0/9)","63%
(12/19)","37%
(7/19)",shapovalov-denis,hurkacz-hubert,17.03.2021 10:10,dubai-2021,2-0,2,3,2-0 | 6-4 | 6-3,6-4,,6-3,,,,,,,
6,9,4,4,51%,59%,"81%
(21/26)","97%
(29/30)","56%
(14/25)","52%
(11/21)",2/4,0/0,"3%
(1/30)","19%
(5/26)","29%
(6/21)","28%
(7/25)",0/0,2/4,"69%
(35/51)","78%
(40/51)","22%
(11/51)","31%
(16/51)","45%
(46/102)","55%
(56/102)","78%
(7/9)","100%
(10/10)","0%
(0/10)","22%
(2/9)","37%
(7/19)","63%
(12/19)",thiem-dominic,harris-lloyd,16.03.2021 17:20,dubai-2021,0-2,2,3,0-2 | 3-6 | 4-6,3-6,,4-6,,,,,,,
2,16,1,1,76%,71%,"73%
(33/45)","80%
(36/45)","50%
(7/14)","56%
(10/18)",1/3,4/4,"20%
(9/45)","27%
(12/45)","39%
(7/18)","43%
(6/14)",0/4,2/3,"68%
(40/59)","73%
(46/63)","27%
(17/63)","32%
(19/59)","47%
(57/122)","53%
(65/122)","82%
(9/11)","100%
(11/11)","0%
(0/11)","18%
(2/11)","41%
(9/22)","59%
(13/22)",davidovich-fokina-alejandro,krajinovic-filip,16.03.2021 16:40,dubai-2021,0-2,2,3,0-2 | 5-7 | 4-6,5-7,,4-6,,,,,,,
4,5,2,7,60%,63%,"65%
(33/51)","67%
(31/46)","53%
(18/34)","33%
(9/27)",5/8,4/8,"33%
(15/46)","35%
(18/51)","48%
(13/27)","41%
(14/34)",4/8,3/8,"60%
(51/85)","55%
(40/73)","45%
(33/73)","40%
(34/85)","53%
(84/158)","47%
(74/158)","73%
(8/11)","60%
(6/10)","40%
(4/10)","27%
(3/11)","57%
(12/21)","43%
(9/21)",nishikori-kei,goffin-david,16.03.2021 15:10,dubai-2021,2-0,2,3,2-0 | 6-3 | 7-6(7-3),6-3,,7-6,7-3,,,,,,
26,8,1,4,54%,52%,"83%
(49/59)","83%
(39/47)","52%
(26/50)","58%
(25/43)",7/8,0/1,"17%
(8/47)","17%
(10/59)","33%
(14/43)","46%
(23/50)",1/1,1/8,"69%
(75/109)","71%
(64/90)","29%
(26/90)","31%
(34/109)","51%
(101/199)","49%
(98/199)","94%
(15/16)","93%
(14/15)","7%
(1/15)","6%
(1/16)","52%
(16/31)","48%
(15/31)",fritz-taylor,basilashvili-nikoloz,16.03.2021 14:20,dubai-2021,2-1,3,3,2-1 | 4-6 | 6-3 | 7-6(7-4),4-6,,6-3,,7-6,7-4,,,,
2,6,3,2,63%,58%,"68%
(41/60)","70%
(38/54)","49%
(17/35)","74%
(29/39)",2/6,4/5,"30%
(16/54)","32%
(19/60)","21%
(8/39)","43%
(15/35)",1/5,4/6,"61%
(58/95)","72%
(67/93)","28%
(26/93)","39%
(37/95)","45%
(84/188)","55%
(104/188)","71%
(10/14)","93%
(14/15)","7%
(1/15)","29%
(4/14)","38%
(11/29)","62%
(18/29)",carreno-busta-pablo,fucsovics-marton,16.03.2021 13:15,dubai-2021,1-2,3,3,1-2 | 7-6(7-5) | 3-6 | 2-6,7-6,7-5,3-6,,2-6,,,,,
3,1,4,0,46%,50%,"69%
(9/13)","100%
(6/6)","27%
(4/15)","83%
(5/6)",2/4,0/0,"0%
(0/6)","31%
(4/13)","17%
(1/6)","47%
(7/15)",0/0,2/4,"46%
(13/28)","92%
(11/12)","8%
(1/12)","54%
(15/28)","35%
(14/40)","65%
(26/40)","33%
(1/3)","100%
(2/2)","0%
(0/2)","67%
(2/3)","20%
(1/5)","80%
(4/5)",ebden-matthew,bautista-agut-roberto,16.03.2021 13:10,dubai-2021,0-0,1,3,0-0 | 1-4,1-4,,,,,,,,,
9,10,8,1,54%,56%,"70%
(26/37)","92%
(23/25)","42%
(13/31)","70%
(14/20)",4/7,0/0,"8%
(2/25)","30%
(11/37)","25%
(5/20)","32%
(10/31)",0/0,3/7,"57%
(39/68)","82%
(37/45)","18%
(8/45)","43%
(29/68)","42%
(47/113)","58%
(66/113)","70%
(7/10)","100%
(9/9)","0%
(0/9)","30%
(3/10)","37%
(7/19)","63%
(12/19)",giustino-lorenzo,bedene-aljaz,16.03.2021 13:00,dubai-2021,0-2,2,3,0-2 | 4-6 | 3-6,4-6,,3-6,,,,,,,
6,6,6,0,70%,64%,"67%
(32/48)","83%
(24/29)","52%
(11/21)","75%
(12/16)",5/7,0/0,"17%
(5/29)","33%
(16/48)","25%
(4/16)","19%
(4/21)",0/0,2/7,"62%
(43/69)","80%
(36/45)","20%
(9/45)","38%
(26/69)","46%
(52/114)","54%
(62/114)","80%
(8/10)","100%
(10/10)","0%
(0/10)","20%
(2/10)","40%
(8/20)","60%
(12/20)",ruusuvuori-emil,rublev-andrey,16.03.2021 12:10,dubai-2021,0-2,2,3,0-2 | 4-6 | 4-6,4-6,,4-6,,,,,,,
4,2,1,0,58%,62%,"69%
(20/29)","81%
(25/31)","57%
(12/21)","79%
(15/19)",2/5,0/0,"19%
(6/31)","31%
(9/29)","21%
(4/19)","38%
(8/21)",0/0,3/5,"64%
(32/50)","80%
(40/50)","20%
(10/50)","36%
(18/50)","42%
(42/100)","58%
(58/100)","70%
(7/10)","100%
(10/10)","0%
(0/10)","30%
(3/10)","35%
(7/20)","65%
(13/20)",jaziri-malek,lajovic-dusan,16.03.2021 11:50,dubai-2021,0-2,2,3,0-2 | 5-7 | 2-6,5-7,,2-6,,,,,,,
18,5,2,1,59%,59%,"88%
(51/58)","73%
(44/60)","41%
(17/41)","66%
(27/41)",4/5,2/3,"27%
(16/60)","12%
(7/58)","32%
(13/41)","54%
(22/41)",1/3,1/5,"69%
(68/99)","70%
(71/101)","30%
(30/101)","31%
(31/99)","49%
(98/200)","51%
(102/200)","94%
(15/16)","93%
(14/15)","7%
(1/15)","6%
(1/16)","52%
(16/31)","48%
(15/31)",popyrin-alexei,khachanov-karen,16.03.2021 10:40,dubai-2021,1-2,3,3,1-2 | 4-6 | 6-3 | 6-7(4-7),4-6,,6-3,,6-7,4-7,,,,
2,14,2,4,61%,53%,"71%
(36/51)","88%
(42/48)","79%
(26/33)","49%
(21/43)",2/5,2/4,"13%
(6/48)","29%
(15/51)","42%
(18/43)","15%
(5/33)",2/4,3/5,"74%
(62/84)","69%
(63/91)","31%
(28/91)","26%
(22/84)","51%
(90/175)","49%
(85/175)","80%
(12/15)","87%
(13/15)","13%
(2/15)","20%
(3/15)","47%
(14/30)","53%
(16/30)",sinner-jannik,bublik-alexander,16.03.2021 10:40,dubai-2021,2-1,3,3,2-1 | 2-6 | 7-6(7-2) | 6-4,2-6,,7-6,7-2,6-4,,,,,
8,5,3,3,58%,64%,"85%
(22/26)","69%
(20/29)","63%
(12/19)","25%
(4/16)",2/2,2/6,"31%
(9/29)","15%
(4/26)","56%
(9/16)","21%
(4/19)",4/6,0/2,"76%
(34/45)","53%
(24/45)","47%
(21/45)","24%
(11/45)","61%
(55/90)","39%
(35/90)","100%
(8/8)","50%
(4/8)","50%
(4/8)","0%
(0/8)","75%
(12/16)","25%
(4/16)",shapovalov-denis,struff-jan-lennard,16.03.2021 10:10,dubai-2021,2-0,2,3,2-0 | 6-1 | 6-3,6-1,,6-3,,,,,,,
4,11,1,0,58%,69%,"70%
(23/33)","82%
(28/34)","50%
(12/24)","80%
(12/15)",2/4,0/0,"18%
(6/34)","30%
(10/33)","20%
(3/15)","46%
(11/24)",0/0,2/4,"61%
(35/57)","82%
(40/49)","18%
(9/49)","39%
(22/57)","42%
(44/106)","58%
(62/106)","78%
(7/9)","100%
(10/10)","0%
(0/10)","22%
(2/9)","37%
(7/19)","63%
(12/19)",gasquet-richard,hurkacz-hubert,16.03.2021 09:10,dubai-2021,0-2,2,3,0-2 | 3-6 | 4-6,3-6,,4-6,,,,,,,
12,3,6,1,52%,62%,"71%
(32/45)","71%
(40/56)","52%
(22/42)","44%
(15/34)",6/10,4/9,"29%
(16/56)","29%
(13/45)","53%
(18/34)","33%
(14/42)",5/9,4/10,"62%
(54/87)","61%
(55/90)","39%
(35/90)","38%
(33/87)","50%
(89/177)","50%
(88/177)","73%
(11/15)","67%
(10/15)","33%
(5/15)","27%
(4/15)","53%
(16/30)","47%
(14/30)",karatsev-aslan,evans-daniel,16.03.2021 09:10,dubai-2021,2-1,3,3,2-1 | 6-4 | 4-6 | 6-4,6-4,,4-6,,6-4,,,,,
13,1,1,1,57%,64%,"88%
(28/32)","55%
(23/42)","46%
(11/24)","42%
(10/24)",3/3,8/12,"45%
(19/42)","13%
(4/32)","54%
(13/24)","50%
(12/24)",4/12,0/3,"70%
(39/56)","50%
(33/66)","50%
(33/66)","30%
(17/56)","59%
(72/122)","41%
(50/122)","100%
(8/8)","50%
(4/8)","50%
(4/8)","0%
(0/8)","75%
(12/16)","25%
(4/16)",sonego-lorenzo,zapata-miralles-bernabe,16.03.2021 09:10,dubai-2021,2-0,2,3,2-0 | 6-2 | 6-2,6-2,,6-2,,,,,,,
9,5,0,6,62%,67%,"69%
(43/62)","78%
(42/54)","63%
(24/38)","48%
(13/27)",10/13,5/8,"22%
(12/54)","31%
(19/62)","30%
(8/27)","37%
(14/38)",3/8,3/13,"67%
(67/100)","68%
(55/81)","32%
(26/81)","33%
(33/100)","51%
(93/181)","49%
(88/181)","80%
(12/15)","80%
(12/15)","20%
(3/15)","20%
(3/15)","50%
(15/30)","50%
(15/30)",pospisil-vasek,fucsovics-marton,15.03.2021 17:10,dubai-2021,1-2,3,3,1-2 | 6-2 | 5-7 | 4-6,6-2,,5-7,,4-6,,,,,
7,5,2,3,69%,68%,"67%
(34/51)","70%
(40/57)","70%
(16/23)","63%
(17/27)",0/2,4/6,"30%
(17/57)","33%
(17/51)","26%
(7/27)","22%
(5/23)",2/6,2/2,"68%
(50/74)","68%
(57/84)","32%
(27/84)","32%
(24/74)","49%
(77/158)","51%
(81/158)","85%
(11/13)","86%
(12/14)","14%
(2/14)","15%
(2/13)","48%
(13/27)","52%
(14/27)",de-minaur-alex,chardy-jeremy,15.03.2021 15:10,dubai-2021,1-2,3,3,1-2 | 6-2 | 3-6 | 4-6,6-2,,3-6,,4-6,,,,,
8,3,3,1,74%,59%,"75%
(38/51)","65%
(30/46)","50%
(9/18)","47%
(15/32)",3/5,4/7,"35%
(16/46)","25%
(13/51)","50%
(16/32)","33%
(6/18)",3/7,2/5,"68%
(47/69)","58%
(45/78)","42%
(33/78)","32%
(22/69)","54%
(80/147)","46%
(67/147)","82%
(9/11)","70%
(7/10)","30%
(3/10)","18%
(2/11)","57%
(12/21)","43%
(9/21)",ruusuvuori-emil,thompson-jordan,15.03.2021 13:10,dubai-2021,2-0,2,3,2-0 | 6-3 | 7-6(7-5),6-3,,7-6,7-5,,,,,,
9,5,3,1,60%,67%,"93%
(27/29)","67%
(29/43)","63%
(12/19)","29%
(6/21)",1/1,5/8,"33%
(14/43)","7%
(2/29)","67%
(14/21)","21%
(4/19)",3/8,0/1,"81%
(39/48)","55%
(35/64)","45%
(29/64)","19%
(9/48)","61%
(68/112)","39%
(44/112)","100%
(9/9)","67%
(6/9)","33%
(3/9)","0%
(0/9)","67%
(12/18)","33%
(6/18)",gasquet-richard,cecchinato-marco,15.03.2021 12:10,dubai-2021,2-0,2,3,2-0 | 6-4 | 6-2,6-4,,6-2,,,,,,,
5,7,1,0,54%,71%,"74%
(37/50)","81%
(47/58)","51%
(22/43)","67%
(16/24)",2/6,1/2,"19%
(11/58)","26%
(13/50)","33%
(8/24)","47%
(20/43)",1/2,4/6,"63%
(59/93)","77%
(63/82)","23%
(19/82)","37%
(34/93)","45%
(78/175)","55%
(97/175)","71%
(10/14)","93%
(14/15)","7%
(1/15)","29%
(4/14)","38%
(11/29)","62%
(18/29)",o-connell-christopher,harris-lloyd,15.03.2021 10:45,dubai-2021,1-2,3,3,1-2 | 7-6(7-5) | 4-6 | 1-6,7-6,7-5,4-6,,1-6,,,,,
6,8,5,6,59%,46%,"69%
(33/48)","76%
(28/37)","53%
(18/34)","63%
(27/43)",3/6,3/4,"24%
(9/37)","31%
(15/48)","23%
(10/43)","32%
(11/34)",1/4,3/6,"62%
(51/82)","69%
(55/80)","31%
(25/80)","38%
(31/82)","47%
(76/162)","53%
(86/162)","77%
(10/13)","92%
(12/13)","8%
(1/13)","23%
(3/13)","42%
(11/26)","58%
(15/26)",bhambri-yuki,bedene-aljaz,15.03.2021 10:40,dubai-2021,1-2,3,3,1-2 | 6-3 | 1-6 | 4-6,6-3,,1-6,,4-6,,,,,
1,3,0,1,64%,65%,"82%
(31/38)","72%
(26/36)","48%
(10/21)","42%
(8/19)",1/2,4/7,"28%
(10/36)","18%
(7/38)","53%
(10/19)","52%
(11/21)",3/7,1/2,"69%
(41/59)","62%
(34/55)","38%
(21/55)","31%
(18/59)","54%
(62/114)","46%
(52/114)","90%
(9/10)","70%
(7/10)","30%
(3/10)","10%
(1/10)","60%
(12/20)","40%
(8/20)",zapata-miralles-bernabe,millman-john,15.03.2021 10:10,dubai-2021,2-0,2,3,2-0 | 6-4 | 6-4,6-4,,6-4,,,,,,,
3,1,3,4,64%,63%,"76%
(29/38)","64%
(23/36)","43%
(9/21)","43%
(9/21)",7/9,1/5,"36%
(13/36)","24%
(9/38)","38%
(8/21)","43%
(9/21)",4/5,2/9,"64%
(38/59)","56%
(32/57)","44%
(25/57)","36%
(21/59)","54%
(63/116)","46%
(53/116)","80%
(8/10)","60%
(6/10)","40%
(4/10)","20%
(2/10)","60%
(12/20)","40%
(8/20)",davidovich-fokina-alejandro,albot-radu,15.03.2021 09:10,dubai-2021,2-0,2,3,2-0 | 6-4 | 6-4,6-4,,6-4,,,,,,,
16,1,1,2,53%,58%,"89%
(24/27)","62%
(21/34)","50%
(12/24)","40%
(10/25)",0/1,5/9,"38%
(13/34)","11%
(3/27)","52%
(13/25)","46%
(11/24)",4/9,1/1,"71%
(36/51)","53%
(31/59)","47%
(28/59)","29%
(15/51)","58%
(64/110)","42%
(46/110)","89%
(8/9)","50%
(4/8)","50%
(4/8)","11%
(1/9)","71%
(12/17)","29%
(5/17)",struff-jan-lennard,kukushkin-mikhail,15.03.2021 09:10,dubai-2021,2-0,2,3,2-0 | 6-3 | 6-2,6-3,,6-2,,,,,,,
10,2,5,4,58%,70%,"79%
(30/38)","68%
(38/56)","63%
(17/27)","46%
(11/24)",2/4,5/8,"32%
(18/56)","21%
(8/38)","38%
(9/24)","19%
(5/27)",3/8,2/4,"72%
(47/65)","61%
(49/80)","39%
(31/80)","28%
(18/65)","54%
(78/145)","46%
(67/145)","83%
(10/12)","75%
(9/12)","25%
(3/12)","17%
(2/12)","54%
(13/24)","46%
(11/24)",popyrin-alexei,novak-dennis,14.03.2021 16:20,dubai-2021,2-0,2,3,2-0 | 7-6(7-3) | 7-5,7-6,7-3,7-5,,,,,,,
1,0,1,1,57%,38%,"63%
(5/8)","63%
(5/8)","67%
(4/6)","46%
(6/13)",0/1,0/1,"38%
(3/8)","38%
(3/8)","46%
(6/13)","17%
(1/6)",1/1,1/1,"64%
(9/14)","52%
(11/21)","48%
(10/21)","36%
(5/14)","54%
(19/35)","46%
(16/35)","67%
(2/3)","67%
(2/3)","33%
(1/3)","33%
(1/3)","50%
(3/6)","50%
(3/6)",jaziri-malek,tsonga-jo-wilfried,14.03.2021 15:10,dubai-2021,0-0,1,3,0-0 | 3-3,3-3,,,,,,,,,
0,17,2,2,52%,65%,"72%
(26/36)","93%
(39/42)","55%
(18/33)","39%
(9/23)",1/3,1/2,"7%
(3/42)","28%
(10/36)","52%
(12/23)","39%
(13/33)",1/2,2/3,"64%
(44/69)","74%
(48/65)","26%
(17/65)","36%
(25/69)","45%
(60/134)","54%
(73/134)","82%
(9/11)","91%
(10/11)","9%
(1/11)","18%
(2/11)","45%
(10/22)","55%
(12/22)",nishioka-yoshihito,bublik-alexander,14.03.2021 13:15,dubai-2021,0-2,2,3,0-2 | 4-6 | 6-7(4-7),4-6,,6-7,4-7,,,,,,
4,3,6,4,53%,57%,"76%
(29/38)","68%
(32/47)","44%
(15/34)","37%
(13/35)",5/7,6/10,"32%
(15/47)","24%
(9/38)","51%
(18/35)","38%
(13/34)",4/10,2/7,"61%
(44/72)","55%
(45/82)","45%
(37/82)","39%
(28/72)","53%
(81/154)","47%
(73/154)","80%
(8/10)","60%
(6/10)","40%
(4/10)","20%
(2/10)","60%
(12/20)","40%
(8/20)",karatsev-aslan,gerasimov-egor,14.03.2021 12:10,dubai-2021,2-0,2,3,2-0 | 6-4 | 6-4,6-4,,6-4,,,,,,,
12,3,7,1,51%,66%,"71%
(32/45)","70%
(40/57)","55%
(24/44)","37%
(11/30)",6/9,2/6,"30%
(17/57)","29%
(13/45)","60%
(18/30)","30%
(13/44)",4/6,3/9,"63%
(56/89)","59%
(51/87)","41%
(36/87)","37%
(33/89)","52%
(92/176)","48%
(84/176)","79%
(11/14)","71%
(10/14)","29%
(4/14)","21%
(3/14)","54%
(15/28)","46%
(13/28)",chardy-jeremy,ramos-vinolas-albert,14.03.2021 10:55,dubai-2021,2-1,3,3,2-1 | 6-3 | 3-6 | 6-4,6-3,,3-6,,6-4,,,,,
4,13,0,4,62%,56%,"78%
(36/46)","71%
(30/42)","64%
(18/28)","73%
(24/33)",0/1,1/3,"29%
(12/42)","22%
(10/46)","15%
(5/33)","36%
(10/28)",2/3,1/1,"73%
(54/74)","72%
(54/75)","28%
(21/75)","27%
(20/74)","50%
(75/149)","50%
(74/149)","93%
(13/14)","86%
(12/14)","14%
(2/14)","7%
(1/14)","54%
(15/28)","46%
(13/28)",nishikori-kei,opelka-reilly,14.03.2021 10:15,dubai-2021,2-1,3,3,2-1 | 3-6 | 6-3 | 6-4,3-6,,6-3,,6-4,,,,,
11,3,4,5,61%,64%,"70%
(40/57)","77%
(47/61)","47%
(17/36)","53%
(18/34)",0/4,5/7,"23%
(14/61)","30%
(17/57)","32%
(11/34)","42%
(15/36)",2/7,4/4,"61%
(57/93)","68%
(65/95)","32%
(30/95)","39%
(36/93)","46%
(87/188)","54%
(101/188)","75%
(12/16)","88%
(14/16)","13%
(2/16)","25%
(4/16)","44%
(14/32)","56%
(18/32)",ramanathan-ramkumar,bhambri-yuki,14.03.2021 08:40,dubai-2021,1-2,3,3,1-2 | 5-7 | 7-5 | 2-6,5-7,,7-5,,2-6,,,,,
2,3,2,2,68%,65%,"66%
(48/73)","73%
(40/55)","46%
(16/35)","50%
(15/30)",6/9,5/8,"27%
(15/55)","34%
(25/73)","43%
(13/30)","49%
(17/35)",3/8,3/9,"59%
(64/108)","65%
(55/85)","35%
(30/85)","41%
(44/108)","49%
(94/193)","51%
(99/193)","80%
(12/15)","80%
(12/15)","20%
(3/15)","20%
(3/15)","50%
(15/30)","50%
(15/30)",albot-radu,zapata-miralles-bernabe,14.03.2021 08:35,dubai-2021,1-2,3,3,1-2 | 6-2 | 5-7 | 4-6,6-2,,5-7,,4-6,,,,,
7,3,0,0,80%,56%,"83%
(30/36)","70%
(21/30)","56%
(5/9)","33%
(8/24)",1/2,4/8,"30%
(9/30)","17%
(6/36)","67%
(16/24)","44%
(4/9)",4/8,1/2,"78%
(35/45)","54%
(29/54)","46%
(25/54)","22%
(10/45)","61%
(60/99)","39%
(39/99)","89%
(8/9)","56%
(5/9)","44%
(4/9)","11%
(1/9)","67%
(12/18)","33%
(6/18)",harris-lloyd,rola-blaz,14.03.2021 08:35,dubai-2021,2-0,2,3,2-0 | 6-2 | 6-4,6-2,,6-4,,,,,,,
0,2,0,6,62%,41%,"69%
(20/29)","70%
(16/23)","67%
(12/18)","30%
(10/33)",2/3,5/10,"30%
(7/23)","31%
(9/29)","52%
(17/33)","33%
(6/18)",5/10,1/3,"68%
(32/47)","46%
(26/56)","54%
(30/56)","32%
(15/47)","60%
(62/103)","40%
(41/103)","88%
(7/8)","38%
(3/8)","63%
(5/8)","13%
(1/8)","75%
(12/16)","25%
(4/16)",kukushkin-mikhail,giustino-lorenzo,14.03.2021 07:10,dubai-2021,2-0,2,3,2-0 | 6-2 | 6-2,6-2,,6-2,,,,,,,
9,1,1,2,69%,70%,"81%
(29/36)","59%
(27/46)","50%
(8/16)","50%
(10/20)",0/0,3/6,"41%
(19/46)","19%
(7/36)","40%
(8/20)","44%
(7/16)",3/6,0/0,"71%
(37/52)","56%
(37/66)","44%
(29/66)","29%
(15/52)","56%
(66/118)","44%
(52/118)","100%
(9/9)","67%
(6/9)","33%
(3/9)","0%
(0/9)","67%
(12/18)","33%
(6/18)",o-connell-christopher,fabbiano-thomas,14.03.2021 07:05,dubai-2021,2-0,2,3,2-0 | 6-2 | 6-4,6-2,,6-4,,,,,,,
1,3,0,1,72%,70%,"69%
(25/36)","54%
(19/35)","79%
(11/14)","47%
(7/15)",4/4,3/7,"46%
(16/35)","31%
(11/36)","47%
(7/15)","21%
(3/14)",4/7,0/4,"72%
(36/50)","52%
(26/50)","48%
(24/50)","28%
(14/50)","60%
(60/100)","40%
(40/100)","100%
(8/8)","50%
(4/8)","50%
(4/8)","0%
(0/8)","75%
(12/16)","25%
(4/16)",ruusuvuori-emil,troicki-viktor,14.03.2021 07:05,dubai-2021,2-0,2,3,2-0 | 6-2 | 6-2,6-2,,6-2,,,,,,,
10,3,5,6,48%,65%,"67%
(20/30)","76%
(34/45)","44%
(14/32)","46%
(11/24)",5/8,7/7,"24%
(11/45)","37%
(11/30)","29%
(7/24)","41%
(13/32)",0/7,3/8,"55%
(34/62)","65%
(45/69)","35%
(24/69)","45%
(28/62)","44%
(58/131)","56%
(73/131)","67%
(6/9)","100%
(9/9)","0%
(0/8)","33%
(3/9)","33%
(6/18)","71%
(12/17)",vavassori-andrea,giustino-lorenzo,13.03.2021 11:00,dubai-2021,0-2,2,3,0-2 | 3-6 | 3-6,3-6,,3-6,,,,,,,
6,9,2,3,50%,66%,"80%
(37/46)","79%
(59/75)","65%
(30/46)","47%
(18/38)",0/1,5/6,"21%
(16/75)","20%
(9/46)","45%
(17/38)","30%
(14/46)",1/6,1/1,"73%
(67/92)","68%
(77/113)","32%
(36/113)","27%
(25/92)","50%
(103/205)","50%
(102/205)","93%
(14/15)","94%
(15/16)","6%
(1/16)","7%
(1/15)","48%
(15/31)","52%
(16/31)",popko-dmitry,rola-blaz,13.03.2021 10:55,dubai-2021,1-2,3,3,1-2 | 3-6 | 6-4 | 6-7(12-14),3-6,,6-4,,6-7,12-14,,,,
10,1,8,4,60%,58%,"70%
(37/53)","58%
(35/60)","60%
(21/35)","48%
(21/44)",2/6,6/11,"42%
(25/60)","30%
(16/53)","43%
(19/44)","17%
(6/35)",5/11,4/6,"66%
(58/88)","54%
(56/104)","46%
(48/104)","34%
(30/88)","55%
(106/192)","45%
(86/192)","73%
(11/15)","64%
(9/14)","36%
(5/14)","27%
(4/15)","55%
(16/29)","45%
(13/29)",ruusuvuori-emil,kuzmanov-dimitar,13.03.2021 10:10,dubai-2021,2-1,3,3,2-1 | 7-6(7-4) | 4-6 | 6-1,7-6,7-4,4-6,,6-1,,,,,
9,1,0,2,73%,61%,"90%
(26/29)","60%
(15/25)","64%
(7/11)","31%
(5/16)",0/0,2/6,"40%
(10/25)","10%
(3/29)","56%
(9/16)","36%
(4/11)",4/6,0/0,"83%
(33/40)","49%
(20/41)","51%
(21/41)","18%
(7/40)","67%
(54/81)","33%
(27/81)","100%
(8/8)","43%
(3/7)","57%
(4/7)","0%
(0/8)","80%
(12/15)","20%
(3/15)",harris-lloyd,gabashvili-teimuraz,13.03.2021 09:35,dubai-2021,2-0,2,3,2-0 | 6-1 | 6-2,6-1,,6-2,,,,,,,
3,9,1,2,59%,63%,"69%
(37/54)","79%
(34/43)","65%
(24/37)","56%
(14/25)",7/8,0/3,"21%
(9/43)","31%
(17/54)","36%
(9/25)","32%
(12/37)",3/3,1/8,"67%
(61/91)","71%
(48/68)","29%
(20/68)","33%
(30/91)","51%
(81/159)","49%
(78/159)","93%
(13/14)","79%
(11/14)","21%
(3/14)","7%
(1/14)","57%
(16/28)","43%
(12/28)",kukushkin-mikhail,janvier-maxime,13.03.2021 08:50,dubai-2021,2-1,3,3,2-1 | 7-5 | 3-6 | 6-1,7-5,,3-6,,6-1,,,,,
6,9,2,1,64%,52%,"68%
(39/57)","73%
(32/44)","63%
(20/32)","63%
(25/40)",7/9,4/7,"27%
(12/44)","32%
(18/57)","35%
(14/40)","31%
(10/32)",3/7,2/9,"66%
(59/89)","68%
(57/84)","32%
(27/84)","34%
(30/89)","50%
(86/173)","50%
(87/173)","86%
(12/14)","80%
(12/15)","20%
(3/15)","14%
(2/14)","52%
(15/29)","48%
(14/29)",albot-radu,lacko-lukas,13.03.2021 08:40,dubai-2021,2-1,3,3,2-1 | 3-6 | 6-4 | 6-4,3-6,,6-4,,6-4,,,,,
0,3,2,1,73%,58%,"21%
(5/24)","78%
(14/18)","33%
(3/9)","77%
(10/13)",3/9,0/0,"22%
(4/18)","79%
(19/24)","15%
(2/13)","44%
(4/9)",0/0,6/9,"24%
(8/33)","77%
(24/31)","23%
(7/31)","76%
(25/33)","23%
(15/64)","77%
(49/64)","0%
(0/6)","100%
(6/6)","0%
(0/6)","100%
(6/6)","0%
(0/12)","100%
(12/12)",alawadhi-omar,zapata-miralles-bernabe,13.03.2021 08:35,dubai-2021,0-2,2,3,0-2 | 0-6 | 0-6,0-6,,0-6,,,,,,,
8,1,1,2,65%,55%,"73%
(24/33)","59%
(23/39)","61%
(11/18)","41%
(13/32)",2/3,6/11,"41%
(16/39)","27%
(9/33)","53%
(17/32)","33%
(6/18)",5/11,1/3,"69%
(35/51)","51%
(36/71)","49%
(35/71)","31%
(16/51)","57%
(70/122)","43%
(52/122)","89%
(8/9)","44%
(4/9)","56%
(5/9)","11%
(1/9)","72%
(13/18)","28%
(5/18)",troicki-viktor,polmans-marc,13.03.2021 08:30,dubai-2021,2-0,2,3,2-0 | 7-5 | 6-0,7-5,,6-0,,,,,,,
1,0,1,0,66%,63%,"33%
(13/39)","68%
(17/25)","55%
(11/20)","73%
(11/15)",7/13,3/4,"32%
(8/25)","67%
(26/39)","27%
(4/15)","40%
(8/20)",1/4,6/13,"37%
(19/52)","70%
(28/40)","30%
(12/40)","63%
(33/52)","37%
(34/92)","68%
(63/92)","25%
(2/8)","86%
(6/7)","14%
(1/7)","75%
(6/8)","20%
(3/15)","80%
(12/15)",al-janahi-abdulrahman,fabbiano-thomas,13.03.2021 07:10,dubai-2021,0-2,2,3,0-2 | 1-6 | 2-6,1-6,,2-6,,,,,,,
0,2,0,3,71%,56%,"81%
(26/32)","59%
(19/32)","69%
(9/13)","40%
(10/25)",2/3,2/6,"41%
(13/32)","19%
(6/32)","48%
(12/25)","31%
(4/13)",4/6,1/3,"78%
(35/45)","51%
(29/57)","49%
(28/57)","22%
(10/45)","62%
(63/102)","38%
(39/102)","89%
(8/9)","50%
(4/8)","50%
(4/8)","11%
(1/9)","71%
(12/17)","29%
(5/17)",bhambri-yuki,gunneswaran-prajnesh,13.03.2021 07:10,dubai-2021,2-0,2,3,2-0 | 6-1 | 6-4,6-1,,6-4,,,,,,,
2,16,1,6,56%,48%,"68%
(26/38)","86%
(25/29)","53%
(16/30)","58%
(18/31)",4/6,1/1,"14%
(4/29)","32%
(12/38)","23%
(7/31)","43%
(13/30)",0/1,2/6,"62%
(42/68)","72%
(43/60)","28%
(17/60)","38%
(26/68)","46%
(59/128)","54%
(69/128)","80%
(8/10)","100%
(10/10)","0%
(0/10)","20%
(2/10)","40%
(8/20)","60%
(12/20)",donskoy-evgeny,ramanathan-ramkumar,13.03.2021 07:05,dubai-2021,0-2,2,3,0-2 | 4-6 | 4-6,4-6,,4-6,,,,,,,
12,7,0,2,69%,67%,"70%
(32/46)","72%
(36/50)","52%
(11/21)","32%
(8/25)",3/4,9/12,"28%
(14/50)","30%
(14/46)","60%
(15/25)","48%
(10/21)",3/12,1/4,"64%
(43/67)","59%
(44/75)","41%
(31/75)","36%
(24/67)","52%
(74/142)","48%
(68/142)","90%
(9/10)","67%
(6/9)","33%
(3/9)","10%
(1/10)","63%
(12/19)","37%
(7/19)",o-connell-christopher,ilkel-cem,13.03.2021 07:05,dubai-2021,2-0,2,3,2-0 | 6-3 | 6-4,6-3,,6-4,,,,,,,
