Aces_left,Aces_right,Double Faults_left,Double Faults_right,1st serve percentage_left,1st serve percentage_right,1st serve points won_left,1st serve points won_right,2nd serve points won_left,2nd serve points won_right,Break Points Saved_left,Break Points Saved_right,1st return points won_left,1st return points won_right,2nd return points won_left,2nd return points won_right,Break Points Converted_left,Break Points Converted_right,Winners_left,Winners_right,Unforced errors_left,Unforced errors_right,Net points won_left,Net points won_right,Service Points Won_left,Service Points Won_right,Return Points Won_left,Return Points Won_right,Total Points Won_left,Total Points Won_right,Service games won_left,Service games won_right,Return games won_left,Return games won_right,Total games won_left,Total games won_right,Distance covered (metres)_left,Distance covered (metres)_right,player_left,player_right,date,match_info,match_result_sets,sets_played,best_of_estimate,score_full,set_1_score,set_1_tiebreak,set_2_score,set_2_tiebreak,set_3_score,set_3_tiebreak,set_4_score,set_4_tiebreak,set_5_score,set_5_tiebreak
6,16,3,9,54%,57%,"80%
(40/50)","80%
(41/51)","40%
(17/42)","58%
(22/38)",4/8,5/6,"20%
(10/51)","20%
(10/50)","18%
(7/38)","52%
(22/42)",1/6,4/8,27,38,38,31,"66%
(31/47)","50%
(6/12)","62%
(57/92)","71%
(64/90)","29%
(26/90)","38%
(35/92)","46%
(83/182)","54%
(99/182)","73%
(11/15)","93%
(14/15)","7%
(1/15)","27%
(4/15)","40%
(12/30)","60%
(18/30)",4756,4985,djokovic-novak,medvedev-daniil,12.09.2021 20:15,us-open-2021,0-3,3,5,0-3 | 4-6 | 4-6 | 4-6,4-6,,4-6,,4-6,,,,,
12,16,2,8,66%,62%,"77%
(76/99)","75%
(58/77)","43%
(22/51)","49%
(23/47)",9/12,3/9,"25%
(19/77)","23%
(23/99)","34%
(16/47)","53%
(27/51)",6/9,3/12,41,49,49,50,"81%
(35/43)","61%
(19/31)","65%
(98/150)","65%
(81/124)","35%
(43/124)","35%
(52/150)","51%
(141/274)","49%
(133/274)","87%
(20/23)","74%
(17/23)","26%
(6/23)","13%
(3/23)","57%
(26/46)","43%
(20/46)",7333,7587,djokovic-novak,zverev-alexander,10.09.2021 23:35,us-open-2021,3-2,5,5,3-2 | 4-6 | 6-2 | 6-4 | 4-6 | 6-2,4-6,,6-2,,6-4,,4-6,,6-2,
4,12,10,4,63%,69%,"65%
(37/57)","81%
(48/59)","35%
(12/34)","52%
(14/27)",0/5,2/3,"19%
(11/59)","35%
(20/57)","33%
(9/27)","35%
(12/34)",1/3,5/5,17,37,39,25,"63%
(15/24)","74%
(17/23)","54%
(49/91)","72%
(62/86)","28%
(24/86)","46%
(42/91)","41%
(73/177)","59%
(104/177)","67%
(10/15)","93%
(14/15)","7%
(1/15)","33%
(5/15)","37%
(11/30)","63%
(19/30)",4338,4043,auger-aliassime-felix,medvedev-daniil,10.09.2021 19:15,us-open-2021,0-3,3,5,0-3 | 4-6 | 5-7 | 2-6,4-6,,5-7,,2-6,,,,,
12,17,4,2,62%,62%,"74%
(53/72)","60%
(55/91)","66%
(29/44)","50%
(28/56)",4/5,11/16,"40%
(36/91)","26%
(19/72)","46%
(26/56)","25%
(11/44)",5/16,1/5,44,42,28,43,"66%
(19/29)","54%
(15/28)","71%
(83/117)","56%
(83/147)","44%
(64/147)","29%
(34/117)","55%
(146/264)","44%
(117/264)","95%
(18/19)","72%
(13/18)","28%
(5/18)","5%
(1/19)","62%
(23/37)","38%
(14/37)",6907,6915,djokovic-novak,berrettini-matteo,09.09.2021 01:05,us-open-2021,3-1,4,5,3-1 | 5-7 | 6-2 | 6-2 | 6-3,5-7,,6-2,,6-2,,6-3,,,
21,13,5,1,68%,68%,"82%
(53/65)","75%
(47/63)","47%
(14/30)","34%
(10/29)",1/3,5/9,"25%
(16/63)","18%
(12/65)","62%
(18/29)","37%
(11/30)",4/9,2/3,43,34,26,26,"80%
(12/15)","64%
(7/11)","71%
(67/95)","62%
(57/92)","38%
(35/92)","29%
(28/95)","55%
(102/187)","45%
(85/187)","88%
(14/16)","73%
(11/15)","27%
(4/15)","13%
(2/16)","58%
(18/31)","42%
(13/31)",4735,4721,zverev-alexander,harris-lloyd,08.09.2021 18:05,us-open-2021,3-0,3,5,3-0 | 7-6(8-6) | 6-3 | 6-4,7-6,8-6,6-3,,6-4,,,,,
8,1,4,1,65%,62%,"79%
(22/28)","66%
(19/29)","60%
(9/15)","44%
(8/18)",3/3,5/7,"34%
(10/29)","21%
(6/28)","50%
(9/18)","13%
(2/15)",2/7,0/3,15,9,16,16,"73%
(11/15)","75%
(6/8)","72%
(31/43)","57%
(27/47)","43%
(20/47)","28%
(12/43)","57%
(51/90)","43%
(39/90)","100%
(7/7)","67%
(4/6)","33%
(2/6)","0%
(0/7)","69%
(9/13)","31%
(4/13)",2192,2366,auger-aliassime-felix,alcaraz-garfia-carlos,08.09.2021 01:10,us-open-2021,1-0,2,3,1-0 | 6-3 | 3-1,6-3,,3-1,,,,,,,
4,13,4,1,67%,66%,"61%
(46/76)","83%
(54/65)","53%
(20/38)","56%
(19/34)",5/12,3/5,"17%
(11/65)","39%
(30/76)","41%
(14/34)","37%
(14/38)",2/5,7/12,36,36,35,24,"59%
(20/34)","67%
(20/30)","58%
(66/114)","74%
(73/99)","26%
(26/99)","42%
(48/114)","43%
(92/213)","57%
(121/213)","63%
(12/19)","89%
(16/18)","11%
(2/18)","37%
(7/19)","38%
(14/37)","62%
(23/37)",6723,8230,van-de-zandschulp-botic,medvedev-daniil,07.09.2021 16:10,us-open-2021,1-3,4,5,1-3 | 3-6 | 0-6 | 6-4 | 5-7,3-6,,0-6,,6-4,,5-7,,,
9,4,1,1,63%,74%,"73%
(48/66)","62%
(48/78)","54%
(21/39)","39%
(11/28)",8/11,6/12,"38%
(30/78)","27%
(18/66)","57%
(16/28)","44%
(17/39)",6/12,3/11,45,27,41,28,"71%
(29/41)","60%
(12/20)","66%
(69/105)","56%
(59/106)","44%
(47/106)","34%
(36/105)","55%
(116/211)","45%
(95/211)","81%
(13/16)","63%
(10/16)","38%
(6/16)","19%
(3/16)","59%
(19/32)","41%
(13/32)",6472,6657,djokovic-novak,brooksby-jenson,06.09.2021 23:15,us-open-2021,3-1,4,5,3-1 | 1-6 | 6-3 | 6-2 | 6-2,1-6,,6-3,,6-2,,6-2,,,
6,12,4,3,63%,61%,"71%
(45/63)","89%
(55/62)","51%
(19/37)","49%
(19/39)",1/5,1/2,"11%
(7/62)","29%
(18/63)","44%
(17/39)","38%
(14/37)",1/2,4/5,23,44,16,29,"66%
(25/38)","84%
(21/25)","64%
(64/100)","73%
(74/101)","27%
(27/101)","36%
(36/100)","45%
(91/201)","55%
(110/201)","78%
(14/18)","94%
(17/18)","6%
(1/18)","22%
(4/18)","42%
(15/36)","58%
(21/36)",4817,4788,otte-oscar,berrettini-matteo,06.09.2021 20:30,us-open-2021,1-3,4,5,1-3 | 4-6 | 6-3 | 3-6 | 2-6,4-6,,6-3,,3-6,,2-6,,,
24,36,2,4,65%,76%,"72%
(65/90)","92%
(70/76)","33%
(16/48)","38%
(9/24)",11/17,1/2,"8%
(6/76)","28%
(25/90)","46%
(11/24)","63%
(30/48)",1/2,6/17,49,62,33,16,"51%
(23/45)","91%
(10/11)","59%
(81/138)","79%
(79/100)","21%
(21/100)","41%
(57/138)","43%
(102/238)","57%
(136/238)","68%
(13/19)","95%
(18/19)","5%
(1/19)","32%
(6/19)","37%
(14/38)","63%
(24/38)",4690,5197,opelka-reilly,harris-lloyd,06.09.2021 17:40,us-open-2021,1-3,4,5,1-3 | 7-6(8-6) | 4-6 | 1-6 | 3-6,7-6,8-6,4-6,,1-6,,3-6,,,
17,5,3,2,68%,60%,"73%
(53/73)","73%
(47/64)","59%
(20/34)","50%
(21/42)",6/7,8/11,"27%
(17/64)","27%
(20/73)","45%
(19/42)","32%
(11/34)",3/11,1/7,37,30,38,38,"67%
(10/15)","73%
(11/15)","68%
(73/107)","64%
(68/106)","36%
(38/106)","32%
(34/107)","52%
(111/213)","48%
(102/213)","94%
(15/16)","81%
(13/16)","19%
(3/16)","6%
(1/16)","56%
(18/32)","44%
(14/32)",5907,5555,zverev-alexander,sinner-jannik,06.09.2021 16:15,us-open-2021,3-0,3,5,3-0 | 6-4 | 6-4 | 7-6(9-7),6-4,,6-4,,7-6,9-7,,,,
10,24,3,8,60%,62%,"71%
(58/82)","83%
(65/78)","56%
(30/54)","52%
(25/48)",12/15,4/5,"17%
(13/78)","29%
(24/82)","31%
(15/48)","39%
(21/54)",1/5,3/15,41,55,36,43,"65%
(22/34)","64%
(18/28)","65%
(88/136)","71%
(90/126)","29%
(36/126)","35%
(48/136)","47%
(124/262)","53%
(138/262)","85%
(17/20)","95%
(19/20)","5%
(1/20)","15%
(3/20)","45%
(18/40)","55%
(22/40)",6429,6590,tiafoe-frances,auger-aliassime-felix,05.09.2021 23:30,us-open-2021,1-3,4,5,1-3 | 6-4 | 2-6 | 6-7(6-8) | 4-6,6-4,,2-6,,6-7,6-8,4-6,,,
3,7,12,4,54%,65%,"50%
(40/80)","60%
(56/93)","43%
(30/69)","53%
(26/49)",13/26,11/18,"40%
(37/93)","50%
(40/80)","39%
(19/49)","39%
(27/69)",7/18,13/26,30,35,84,45,"64%
(27/42)","75%
(15/20)","47%
(70/149)","58%
(82/142)","42%
(60/142)","53%
(79/149)","45%
(130/291)","55%
(161/291)","43%
(10/23)","68%
(15/22)","32%
(7/22)","57%
(13/23)","38%
(17/45)","62%
(28/45)",8008,8603,gojowczyk-peter,alcaraz-garfia-carlos,05.09.2021 21:10,us-open-2021,2-3,5,5,2-3 | 7-5 | 1-6 | 7-5 | 2-6 | 0-6,7-5,,1-6,,7-5,,2-6,,0-6,
0,13,3,2,66%,72%,"63%
(32/51)","84%
(47/56)","35%
(9/26)","50%
(11/22)",3/8,1/2,"16%
(9/56)","37%
(19/51)","41%
(9/22)","54%
(14/26)",1/2,5/8,24,43,17,20,"60%
(30/50)","75%
(18/24)","53%
(41/77)","74%
(58/78)","26%
(20/78)","47%
(36/77)","39%
(61/155)","61%
(94/155)","64%
(9/14)","93%
(13/14)","7%
(1/14)","36%
(5/14)","36%
(10/28)","64%
(18/28)",4069,4054,evans-daniel,medvedev-daniil,05.09.2021 17:50,us-open-2021,0-3,3,5,0-3 | 3-6 | 4-6 | 3-6,3-6,,4-6,,3-6,,,,,
15,1,10,6,66%,67%,"77%
(84/109)","67%
(66/99)","41%
(23/56)","48%
(23/48)",9/13,12/19,"33%
(33/99)","23%
(25/109)","40%
(19/48)","41%
(23/56)",7/19,4/13,55,30,72,51,"79%
(38/48)","69%
(29/42)","65%
(107/165)","61%
(89/147)","39%
(58/147)","35%
(58/165)","53%
(165/312)","47%
(147/312)","84%
(21/25)","72%
(18/25)","28%
(7/25)","16%
(4/25)","56%
(28/50)","44%
(22/50)",10792,10667,van-de-zandschulp-botic,schwartzman-diego,05.09.2021 15:10,us-open-2021,3-2,5,5,3-2 | 6-3 | 6-4 | 5-7 | 5-7 | 6-1,6-3,,6-4,,5-7,,5-7,,6-1,
16,11,3,2,69%,72%,"80%
(40/50)","66%
(45/68)","68%
(15/22)","44%
(12/27)",0/1,6/10,"34%
(23/68)","20%
(10/50)","48%
(13/27)","18%
(4/22)",4/10,1/1,33,31,10,25,"65%
(11/17)","57%
(12/21)","76%
(55/72)","60%
(57/95)","40%
(38/95)","24%
(17/72)","56%
(93/167)","44%
(74/167)","93%
(13/14)","73%
(11/15)","27%
(4/15)","7%
(1/14)","59%
(17/29)","41%
(12/29)",4213,4050,zverev-alexander,sock-jack,05.09.2021 01:50,us-open-2021,2-1,4,3,2-1 | 3-6 | 6-2 | 6-3 | 2-1,3-6,,6-2,,6-3,,2-1,,,
7,21,6,2,45%,68%,"72%
(31/43)","74%
(51/69)","52%
(27/52)","55%
(18/33)",5/10,3/5,"26%
(18/69)","28%
(12/43)","39%
(13/33)","37%
(19/52)",2/5,5/10,22,52,27,41,"60%
(6/10)","73%
(19/26)","61%
(58/95)","68%
(69/102)","32%
(33/102)","39%
(37/95)","46%
(91/197)","54%
(106/197)","69%
(11/16)","87%
(13/15)","13%
(2/15)","31%
(5/16)","42%
(13/31)","58%
(18/31)",4592,4135,basilashvili-nikoloz,opelka-reilly,04.09.2021 23:25,us-open-2021,0-3,3,5,0-3 | 6-7(5-7) | 3-6 | 4-6,6-7,5-7,3-6,,4-6,,,,,
10,7,5,9,72%,68%,"75%
(47/63)","68%
(43/63)","52%
(13/25)","33%
(10/30)",6/8,4/9,"32%
(20/63)","25%
(16/63)","37%
(11/30)","28%
(7/25)",5/9,2/8,26,24,23,40,"77%
(10/13)","68%
(19/28)","68%
(60/88)","57%
(53/93)","43%
(40/93)","32%
(28/88)","55%
(100/181)","45%
(81/181)","87%
(13/15)","67%
(10/15)","33%
(5/15)","13%
(2/15)","60%
(18/30)","40%
(12/30)",4544,4535,harris-lloyd,shapovalov-denis,04.09.2021 23:05,us-open-2021,3-0,3,5,3-0 | 6-4 | 6-4 | 6-4,6-4,,6-4,,6-4,,,,,
8,9,5,3,53%,61%,"60%
(40/67)","66%
(59/89)","54%
(32/59)","45%
(25/56)",8/16,5/12,"34%
(30/89)","40%
(27/67)","50%
(28/56)","37%
(22/59)",7/12,8/16,58,22,61,36,"69%
(24/35)","46%
(6/13)","57%
(72/126)","58%
(83/144)","42%
(61/144)","43%
(54/126)","49%
(133/270)","51%
(138/270)","62%
(13/21)","68%
(15/22)","32%
(7/22)","38%
(8/21)","47%
(20/43)","53%
(23/43)",7712,8059,karatsev-aslan,brooksby-jenson,04.09.2021 20:30,us-open-2021,2-3,5,5,2-3 | 2-6 | 6-3 | 6-2 | 3-6 | 3-6,2-6,,6-3,,6-2,,3-6,,3-6,
21,5,10,5,59%,56%,"73%
(73/100)","69%
(64/93)","37%
(26/70)","55%
(40/73)",7/14,12/18,"31%
(29/93)","27%
(27/100)","38%
(28/73)","49%
(34/70)",6/18,7/14,61,36,78,48,"72%
(13/18)","70%
(19/27)","58%
(99/170)","63%
(104/166)","37%
(62/166)","42%
(71/170)","48%
(161/336)","52%
(175/336)","72%
(18/25)","76%
(19/25)","24%
(6/25)","28%
(7/25)","48%
(24/50)","52%
(26/50)",9182,9208,monfils-gael,sinner-jannik,04.09.2021 18:10,us-open-2021,2-3,5,5,2-3 | 6-7(1-7) | 2-6 | 6-4 | 6-4 | 4-6,6-7,1-7,2-6,,6-4,,6-4,,4-6,
15,6,7,3,63%,65%,"77%
(63/82)","63%
(59/93)","51%
(25/49)","44%
(22/50)",11/13,9/16,"37%
(34/93)","23%
(19/82)","50%
(25/50)","35%
(17/49)",7/16,2/13,45,38,52,57,"81%
(22/27)","65%
(15/23)","67%
(87/130)","57%
(81/143)","43%
(62/143)","33%
(43/130)","55%
(150/273)","45%
(124/273)","89%
(17/19)","63%
(12/19)","37%
(7/19)","11%
(2/19)","63%
(24/38)","37%
(14/38)",7170,7288,djokovic-novak,nishikori-kei,04.09.2021 17:55,us-open-2021,3-1,4,5,3-1 | 6-7(4-7) | 6-3 | 6-3 | 6-2,6-7,4-7,6-3,,6-3,,6-2,,,
4,15,5,3,58%,55%,"71%
(45/63)","82%
(49/60)","51%
(23/45)","53%
(26/49)",4/8,2/5,"18%
(11/60)","29%
(18/63)","41%
(20/49)","38%
(17/45)",3/5,4/8,37,34,45,27,"68%
(17/25)","71%
(17/24)","63%
(68/108)","69%
(75/109)","31%
(34/109)","37%
(40/108)","47%
(102/217)","53%
(115/217)","79%
(15/19)","85%
(17/20)","15%
(3/20)","21%
(4/19)","46%
(18/39)","54%
(21/39)",5916,6116,seppi-andreas,otte-oscar,04.09.2021 16:05,us-open-2021,1-3,4,5,1-3 | 3-6 | 4-6 | 6-2 | 5-7,3-6,,4-6,,6-2,,5-7,,,
11,27,4,5,61%,60%,"71%
(60/85)","84%
(80/95)","67%
(36/54)","47%
(30/64)",4/8,10/12,"16%
(15/95)","29%
(25/85)","45%
(29/64)","26%
(14/54)",2/12,4/8,30,69,35,64,"68%
(28/41)","73%
(19/26)","69%
(96/139)","69%
(110/159)","31%
(49/159)","31%
(43/139)","49%
(145/298)","51%
(153/298)","83%
(19/23)","92%
(22/24)","8%
(2/24)","17%
(4/23)","45%
(21/47)","55%
(26/47)",7964,7418,ivashka-ilya,berrettini-matteo,04.09.2021 15:05,us-open-2021,2-3,5,5,2-3 | 7-6(7-5) | 2-6 | 4-6 | 6-2 | 3-6,7-6,7-5,2-6,,4-6,,6-2,,3-6,
25,23,7,8,61%,56%,"77%
(68/88)","74%
(81/109)","43%
(24/56)","43%
(36/84)",9/14,10/14,"26%
(28/109)","23%
(20/88)","48%
(40/84)","45%
(25/56)",4/14,5/14,61,69,39,59,"58%
(15/26)","71%
(37/52)","64%
(92/144)","61%
(117/193)","39%
(76/193)","36%
(52/144)","50%
(168/337)","50%
(169/337)","78%
(18/23)","84%
(21/25)","16%
(4/25)","22%
(5/23)","46%
(22/48)","54%
(26/48)",7614,7154,rublev-andrey,tiafoe-frances,04.09.2021 02:30,us-open-2021,2-3,5,5,2-3 | 6-4 | 3-6 | 6-7(6-8) | 6-4 | 1-6,6-4,,3-6,,6-7,6-8,6-4,,1-6,
2,27,3,8,65%,63%,"74%
(77/104)","82%
(74/90)","40%
(23/57)","44%
(24/54)",11/15,7/10,"18%
(16/90)","26%
(27/104)","41%
(22/54)","54%
(31/57)",3/10,4/15,17,77,31,74,"70%
(23/33)","59%
(38/64)","62%
(100/161)","68%
(97/143)","32%
(46/143)","38%
(61/161)","48%
(146/304)","52%
(159/304)","83%
(19/23)","88%
(21/24)","13%
(3/24)","17%
(4/23)","47%
(22/47)","53%
(25/47)",9034,8738,bautista-agut-roberto,auger-aliassime-felix,03.09.2021 23:20,us-open-2021,2-3,5,5,2-3 | 3-6 | 4-6 | 6-4 | 6-3 | 3-6,3-6,,4-6,,6-4,,6-3,,3-6,
11,5,5,7,57%,67%,"85%
(51/60)","62%
(49/79)","38%
(17/45)","33%
(13/39)",7/9,13/21,"38%
(30/79)","15%
(9/60)","49%
(19/39)","51%
(23/45)",8/21,2/9,41,28,26,41,"72%
(23/32)","69%
(22/32)","65%
(68/105)","53%
(62/118)","47%
(56/118)","35%
(37/105)","56%
(124/223)","44%
(99/223)","87%
(13/15)","50%
(8/16)","50%
(8/16)","13%
(2/15)","68%
(21/31)","32%
(10/31)",6177,6017,van-de-zandschulp-botic,bagnis-facundo,03.09.2021 21:30,us-open-2021,3-1,4,5,3-1 | 3-6 | 6-0 | 6-2 | 6-2,3-6,,6-0,,6-2,,6-2,,,
4,4,6,3,58%,58%,"64%
(37/58)","82%
(36/44)","31%
(13/42)","47%
(15/32)",6/13,0/3,"18%
(8/44)","36%
(21/58)","44%
(14/32)","55%
(23/42)",3/3,7/13,16,30,43,29,"61%
(17/28)","57%
(16/28)","50%
(50/100)","67%
(51/76)","33%
(25/76)","50%
(50/100)","43%
(75/176)","57%
(101/176)","50%
(7/14)","79%
(11/14)","21%
(3/14)","50%
(7/14)","36%
(10/28)","64%
(18/28)",5678,5574,molcan-alex,schwartzman-diego,03.09.2021 21:15,us-open-2021,0-3,3,5,0-3 | 4-6 | 3-6 | 3-6,4-6,,3-6,,3-6,,,,,
2,15,2,5,64%,60%,"60%
(65/108)","74%
(69/93)","60%
(37/62)","48%
(30/63)",9/17,7/13,"26%
(24/93)","40%
(43/108)","44%
(28/63)","37%
(23/62)",6/13,8/17,61,47,48,38,"61%
(19/31)","61%
(31/51)","60%
(102/170)","63%
(99/156)","37%
(57/156)","40%
(68/170)","49%
(159/326)","51%
(167/326)","67%
(16/24)","76%
(19/25)","24%
(6/25)","33%
(8/24)","45%
(22/49)","55%
(27/49)",9246,9087,alcaraz-garfia-carlos,tsitsipas-stefanos,03.09.2021 18:50,us-open-2021,3-2,5,5,3-2 | 6-3 | 4-6 | 7-6(7-2) | 0-6 | 7-6(7-5),6-3,,4-6,,7-6,7-2,0-6,,7-6,7-5
0,9,8,1,63%,59%,"63%
(38/60)","76%
(32/42)","17%
(6/35)","55%
(16/29)",6/13,3/4,"24%
(10/42)","37%
(22/60)","41%
(12/29)","60%
(21/35)",1/4,7/13,16,34,43,28,"68%
(27/40)","67%
(18/27)","46%
(44/95)","68%
(48/71)","32%
(23/71)","54%
(51/95)","40%
(67/166)","60%
(99/166)","46%
(6/13)","92%
(11/12)","8%
(1/12)","54%
(7/13)","28%
(7/25)","72%
(18/25)",4803,5069,andujar-pablo,medvedev-daniil,03.09.2021 17:55,us-open-2021,0-3,3,5,0-3 | 0-6 | 4-6 | 3-6,0-6,,4-6,,3-6,,,,,
18,6,14,1,55%,62%,"82%
(74/90)","72%
(65/90)","36%
(27/75)","57%
(32/56)",10/15,6/11,"28%
(25/90)","18%
(16/90)","41%
(23/56)","45%
(34/75)",5/11,5/15,77,48,57,8,"59%
(42/71)","66%
(43/65)","62%
(101/164)","66%
(97/146)","34%
(49/146)","38%
(63/164)","48%
(150/310)","52%
(161/310)","80%
(20/25)","80%
(20/25)","20%
(5/25)","20%
(5/25)","50%
(25/50)","50%
(25/50)",7586,7596,popyrin-alexei,evans-daniel,03.09.2021 17:05,us-open-2021,2-3,5,5,2-3 | 6-4 | 6-3 | 3-6 | 4-6 | 6-7(1-7),6-4,,6-3,,3-6,,4-6,,6-7,1-7
10,8,5,9,50%,51%,"70%
(37/53)","79%
(44/56)","48%
(25/52)","55%
(29/53)",6/11,5/7,"21%
(12/56)","30%
(16/53)","28%
(15/53)","42%
(22/52)",2/7,5/11,25,26,42,42,"38%
(3/8)","76%
(19/25)","59%
(62/105)","67%
(73/109)","33%
(36/109)","41%
(43/105)","46%
(98/214)","54%
(116/214)","71%
(12/17)","89%
(16/18)","11%
(2/18)","29%
(5/17)","40%
(14/35)","60%
(21/35)",5216,5168,laaksonen-henri,gojowczyk-peter,03.09.2021 15:10,us-open-2021,1-3,4,5,1-3 | 6-3 | 3-6 | 1-6 | 4-6,6-3,,3-6,,1-6,,4-6,,,
3,9,4,8,53%,63%,"66%
(29/44)","85%
(44/52)","41%
(16/39)","52%
(16/31)",3/8,1/2,"15%
(8/52)","32%
(14/44)","23%
(7/31)","49%
(19/39)",1/2,5/8,13,50,14,29,"57%
(8/14)","80%
(24/30)","55%
(45/82)","73%
(61/84)","27%
(23/84)","45%
(37/82)","41%
(68/166)","59%
(98/166)","62%
(8/13)","93%
(13/14)","7%
(1/14)","38%
(5/13)","33%
(9/27)","67%
(18/27)",4283,4059,carballes-baena-roberto,shapovalov-denis,03.09.2021 01:05,us-open-2021,0-3,3,5,0-3 | 6-7(7-9) | 3-6 | 0-6,6-7,7-9,3-6,,0-6,,,,,
13,5,5,2,64%,66%,"80%
(37/46)","56%
(28/50)","54%
(14/26)","35%
(9/26)",3/4,4/10,"44%
(22/50)","20%
(9/46)","58%
(15/26)","27%
(7/26)",6/10,1/4,33,20,20,28,"60%
(18/30)","51%
(18/35)","71%
(51/72)","49%
(37/76)","51%
(39/76)","29%
(21/72)","60%
(89/148)","39%
(58/148)","92%
(12/13)","50%
(6/12)","50%
(6/12)","8%
(1/13)","72%
(18/25)","28%
(7/25)",3576,3719,djokovic-novak,griekspoor-tallon,02.09.2021 23:15,us-open-2021,3-0,3,5,3-0 | 6-2 | 6-3 | 6-2,6-2,,6-3,,6-2,,,,,
5,15,4,6,69%,56%,"69%
(77/111)","71%
(64/90)","53%
(27/51)","52%
(37/71)",8/10,14/19,"29%
(26/90)","31%
(34/111)","39%
(28/71)","39%
(20/51)",5/19,2/10,33,59,48,74,"67%
(16/24)","66%
(19/29)","64%
(103/160)","63%
(101/161)","37%
(60/161)","36%
(57/160)","51%
(163/321)","49%
(158/321)","91%
(20/22)","77%
(17/22)","23%
(5/22)","9%
(2/22)","57%
(25/44)","43%
(19/44)",9713,9355,brooksby-jenson,fritz-taylor,02.09.2021 21:40,us-open-2021,3-1,4,5,3-1 | 6-7(7-9) | 7-6(12-10) | 7-5 | 6-2,6-7,7-9,7-6,12-10,7-5,,6-2,,,
9,40,6,11,59%,61%,"74%
(71/96)","80%
(81/101)","49%
(33/67)","36%
(23/64)",8/14,10/17,"20%
(20/101)","27%
(26/96)","47%
(30/64)","42%
(28/67)",7/17,6/14,49,75,40,52,"63%
(38/60)","53%
(28/53)","64%
(103/162)","63%
(104/165)","37%
(61/165)","36%
(59/162)","50%
(165/327)","50%
(163/327)","78%
(21/27)","73%
(19/26)","27%
(7/26)","22%
(6/27)","53%
(28/53)","47%
(25/53)",7334,7374,sock-jack,bublik-alexander,02.09.2021 21:35,us-open-2021,3-2,5,5,3-2 | 7-6(7-3) | 6-7(2-7) | 6-4 | 4-6 | 6-3,7-6,7-3,6-7,2-7,6-4,,4-6,,6-3,
7,8,3,3,61%,56%,"71%
(60/85)","78%
(69/88)","45%
(25/55)","46%
(32/69)",9/14,7/10,"22%
(19/88)","29%
(25/85)","49%
(34/69)","49%
(27/55)",3/10,5/14,37,57,51,58,"58%
(21/36)","83%
(25/30)","61%
(85/140)","64%
(101/157)","36%
(56/157)","39%
(55/140)","47%
(141/297)","53%
(156/297)","76%
(16/21)","86%
(19/22)","14%
(3/22)","24%
(5/21)","44%
(19/43)","56%
(24/43)",9735,9391,svajda-zachary,sinner-jannik,02.09.2021 20:35,us-open-2021,1-3,4,5,1-3 | 3-6 | 6-7(2-7) | 7-6(8-6) | 4-6,3-6,,6-7,2-7,7-6,8-6,4-6,,,
2,13,6,7,70%,70%,"61%
(78/128)","62%
(68/109)","52%
(28/54)","55%
(26/47)",14/22,10/18,"38%
(41/109)","39%
(50/128)","30%
(14/47)","37%
(20/54)",8/18,8/22,45,45,57,54,"73%
(35/48)","56%
(22/39)","58%
(106/182)","60%
(94/156)","40%
(62/156)","42%
(76/182)","50%
(168/338)","50%
(170/338)","69%
(18/26)","67%
(16/24)","33%
(8/24)","31%
(8/26)","52%
(26/50)","48%
(24/50)",8557,8910,nishikori-kei,mcdonald-mackenzie,02.09.2021 20:15,us-open-2021,3-2,5,5,3-2 | 7-6(7-3) | 6-3 | 6-7(5-7) | 2-6 | 6-3,7-6,7-3,6-3,,6-7,5-7,2-6,,6-3,
21,7,1,2,65%,64%,"84%
(46/55)","64%
(37/58)","47%
(14/30)","45%
(15/33)",3/4,10/15,"38%
(22/58)","16%
(9/55)","48%
(16/33)","50%
(15/30)",5/15,1/4,44,12,34,31,"81%
(17/21)","25%
(2/8)","71%
(60/85)","57%
(52/91)","43%
(39/91)","29%
(25/85)","56%
(99/176)","44%
(77/176)","93%
(13/14)","64%
(9/14)","36%
(5/14)","7%
(1/14)","64%
(18/28)","36%
(10/28)",4659,4761,harris-lloyd,escobedo-ernesto,02.09.2021 19:40,us-open-2021,3-0,3,5,3-0 | 6-4 | 6-4 | 6-2,6-4,,6-4,,6-2,,,,,
15,7,6,1,58%,54%,"81%
(54/67)","68%
(52/76)","65%
(32/49)","58%
(38/65)",4/6,11/15,"32%
(24/76)","19%
(13/67)","40%
(26/65)","22%
(11/49)",4/15,2/6,42,43,34,50,"81%
(25/31)","70%
(28/40)","74%
(86/116)","64%
(90/141)","36%
(51/141)","26%
(30/116)","53%
(137/257)","47%
(120/257)","90%
(19/21)","81%
(17/21)","19%
(4/21)","10%
(2/21)","55%
(23/42)","45%
(19/42)",7712,7231,monfils-gael,johnson-steve,02.09.2021 19:15,us-open-2021,3-1,4,5,3-1 | 7-5 | 4-6 | 6-4 | 6-4,7-5,,4-6,,6-4,,6-4,,,
7,16,2,4,58%,69%,"64%
(37/58)","80%
(52/65)","40%
(17/42)","31%
(9/29)",12/17,5/6,"20%
(13/65)","36%
(21/58)","55%
(16/29)","55%
(23/42)",1/6,5/17,29,36,33,27,"62%
(8/13)","77%
(10/13)","54%
(54/100)","65%
(61/94)","35%
(33/94)","46%
(46/100)","45%
(87/194)","55%
(107/194)","64%
(9/14)","93%
(13/14)","7%
(1/14)","36%
(5/14)","36%
(10/28)","64%
(18/28)",4720,4865,kudla-denis,otte-oscar,02.09.2021 19:00,us-open-2021,0-3,3,5,0-3 | 4-6 | 4-6 | 2-6,4-6,,4-6,,2-6,,,,,
27,12,5,3,61%,60%,"79%
(61/77)","82%
(59/72)","39%
(19/49)","43%
(21/49)",5/9,8/12,"18%
(13/72)","21%
(16/77)","51%
(25/49)","51%
(25/49)",4/12,4/9,45,41,47,30,"67%
(12/18)","86%
(12/14)","63%
(80/126)","66%
(80/121)","34%
(41/121)","37%
(46/126)","49%
(121/247)","51%
(126/247)","80%
(16/20)","80%
(16/20)","20%
(4/20)","20%
(4/20)","50%
(20/40)","50%
(20/40)",6519,6767,hurkacz-hubert,seppi-andreas,02.09.2021 18:30,us-open-2021,1-3,4,5,1-3 | 6-2 | 4-6 | 4-6 | 6-7(6-8),6-2,,4-6,,4-6,,6-7,6-8,,
11,3,3,2,81%,67%,"93%
(40/43)","51%
(22/43)","40%
(4/10)","43%
(9/21)",0/0,8/15,"49%
(21/43)","7%
(3/43)","48%
(10/21)","30%
(3/10)",7/15,0/0,27,10,20,16,"80%
(12/15)","80%
(4/5)","83%
(44/53)","48%
(31/64)","52%
(33/64)","17%
(9/53)","66%
(77/117)","34%
(40/117)","100%
(11/11)","36%
(4/11)","64%
(7/11)","0%
(0/11)","82%
(18/22)","18%
(4/22)",3400,3182,zverev-alexander,ramos-vinolas-albert,02.09.2021 18:05,us-open-2021,3-0,3,5,3-0 | 6-1 | 6-0 | 6-3,6-1,,6-0,,6-3,,,,,
12,7,5,1,57%,60%,"78%
(46/59)","77%
(41/53)","38%
(17/45)","69%
(25/36)",3/8,3/5,"23%
(12/53)","22%
(13/59)","28%
(10/36)","51%
(23/45)",2/5,5/8,35,23,46,19,"62%
(18/29)","81%
(13/16)","61%
(63/104)","74%
(66/89)","26%
(23/89)","39%
(41/104)","45%
(86/193)","55%
(107/193)","69%
(11/16)","87%
(13/15)","13%
(2/15)","31%
(5/16)","42%
(13/31)","58%
(18/31)",4339,4568,pospisil-vasek,ivashka-ilya,02.09.2021 17:55,us-open-2021,0-3,3,5,0-3 | 3-6 | 4-6 | 6-7(5-7),3-6,,4-6,,6-7,5-7,,,,
20,9,8,5,57%,63%,"71%
(40/56)","80%
(51/64)","49%
(21/43)","57%
(21/37)",2/6,2/4,"20%
(13/64)","29%
(16/56)","30%
(11/37)","33%
(14/43)",2/4,4/6,36,37,35,18,"44%
(23/52)","79%
(11/14)","62%
(61/99)","71%
(72/101)","29%
(29/101)","38%
(38/99)","45%
(90/200)","55%
(110/200)","75%
(12/16)","88%
(15/17)","12%
(2/17)","25%
(4/16)","42%
(14/33)","58%
(19/33)",3911,3987,cressy-maxime,basilashvili-nikoloz,02.09.2021 17:45,us-open-2021,0-3,3,5,0-3 | 6-7(3-7) | 3-6 | 5-7,6-7,3-7,3-6,,5-7,,,,,
4,17,4,6,63%,70%,"60%
(50/84)","77%
(69/90)","65%
(32/49)","50%
(19/38)",5/10,7/10,"23%
(21/90)","40%
(34/84)","34%
(13/38)","27%
(13/49)",3/10,5/10,32,50,42,58,"68%
(23/34)","62%
(37/60)","62%
(82/133)","69%
(88/128)","31%
(40/128)","38%
(51/133)","47%
(122/261)","53%
(139/261)","76%
(16/21)","85%
(17/20)","15%
(3/20)","24%
(5/21)","46%
(19/41)","54%
(22/41)",7128,6541,moutet-corentin,berrettini-matteo,02.09.2021 17:45,us-open-2021,1-3,4,5,1-3 | 6-7(2-7) | 6-4 | 4-6 | 3-6,6-7,2-7,6-4,,4-6,,3-6,,,
11,15,8,6,57%,59%,"73%
(69/95)","71%
(75/106)","52%
(37/71)","45%
(34/75)",12/18,13/19,"29%
(31/106)","27%
(26/95)","47%
(35/75)","37%
(26/71)",6/19,6/18,57,40,54,33,"69%
(34/49)","81%
(17/21)","64%
(106/166)","60%
(109/181)","40%
(72/181)","36%
(60/166)","51%
(178/347)","49%
(169/347)","76%
(19/25)","75%
(18/24)","25%
(6/24)","24%
(6/25)","51%
(25/49)","49%
(24/49)",8747,9032,karatsev-aslan,thompson-jordan,02.09.2021 17:40,us-open-2021,3-2,5,5,3-2 | 3-6 | 3-6 | 7-5 | 7-6(11-9) | 6-1,3-6,,3-6,,7-5,,7-6,11-9,6-1,
11,31,5,2,59%,72%,"72%
(43/60)","82%
(60/73)","66%
(27/41)","68%
(19/28)",2/4,4/4,"18%
(13/73)","28%
(17/60)","25%
(7/28)","22%
(9/41)",0/4,2/4,30,61,18,29,"75%
(3/4)","66%
(25/38)","69%
(70/101)","78%
(79/101)","22%
(22/101)","31%
(31/101)","46%
(92/202)","54%
(110/202)","88%
(15/17)","100%
(17/17)","0%
(0/17)","12%
(2/17)","44%
(15/34)","56%
(19/34)",4286,3920,musetti-lorenzo,opelka-reilly,02.09.2021 16:05,us-open-2021,0-3,3,5,0-3 | 6-7(1-7) | 5-7 | 4-6,6-7,1-7,5-7,,4-6,,,,,
6,27,2,3,59%,68%,"70%
(46/66)","85%
(62/73)","50%
(23/46)","57%
(20/35)",2/7,1/1,"15%
(11/73)","30%
(20/66)","34%
(12/35)","48%
(22/46)",0/1,5/7,26,53,37,32,"83%
(15/18)","79%
(15/19)","61%
(69/113)","76%
(82/108)","24%
(26/108)","39%
(44/113)","43%
(95/221)","57%
(126/221)","72%
(13/18)","100%
(19/19)","0%
(0/19)","28%
(5/18)","35%
(13/37)","65%
(24/37)",5370,5563,mannarino-adrian,tsitsipas-stefanos,02.09.2021 00:50,us-open-2021,1-3,4,5,1-3 | 3-6 | 4-6 | 7-6(7-4) | 0-6,3-6,,4-6,,7-6,7-4,0-6,,,
24,1,1,4,68%,72%,"70%
(55/79)","76%
(53/70)","43%
(16/37)","59%
(16/27)",7/10,3/4,"24%
(17/70)","30%
(24/79)","26%
(7/27)","54%
(20/37)",1/4,3/10,48,15,58,21,"50%
(17/34)","83%
(5/6)","61%
(71/116)","71%
(70/98)","29%
(28/98)","39%
(45/116)","46%
(99/214)","53%
(114/214)","80%
(12/15)","94%
(15/16)","6%
(1/16)","20%
(3/15)","42%
(13/31)","58%
(18/31)",4988,5394,anderson-kevin,schwartzman-diego,01.09.2021 23:20,us-open-2021,0-3,3,5,0-3 | 6-7(4-7) | 3-6 | 4-6,6-7,4-7,3-6,,4-6,,,,,
11,5,0,3,71%,71%,"79%
(41/52)","58%
(35/60)","38%
(8/21)","21%
(5/24)",0/2,6/14,"42%
(25/60)","21%
(11/52)","67%
(16/24)","62%
(13/21)",8/14,2/2,38,17,25,16,"58%
(18/31)","63%
(10/16)","67%
(49/73)","48%
(40/84)","52%
(44/84)","33%
(24/73)","59%
(93/157)","41%
(64/157)","85%
(11/13)","43%
(6/14)","57%
(8/14)","15%
(2/13)","70%
(19/27)","30%
(8/27)",4011,4376,tiafoe-frances,pella-guido,01.09.2021 19:05,us-open-2021,3-0,3,5,3-0 | 6-1 | 6-2 | 7-5,6-1,,6-2,,7-5,,,,,
1,5,2,4,69%,59%,"67%
(31/46)","55%
(24/44)","71%
(15/21)","30%
(9/30)",3/5,6/14,"45%
(20/44)","33%
(15/46)","57%
(17/30)","19%
(4/21)",8/14,2/5,20,16,22,44,"81%
(13/16)","33%
(5/15)","69%
(46/67)","45%
(33/74)","55%
(41/74)","31%
(21/67)","62%
(87/141)","38%
(54/141)","83%
(10/12)","33%
(4/12)","67%
(8/12)","17%
(2/12)","75%
(18/24)","25%
(6/24)",4368,4484,bautista-agut-roberto,ruusuvuori-emil,01.09.2021 18:35,us-open-2021,3-0,3,5,3-0 | 6-1 | 6-3 | 6-2,6-1,,6-3,,6-2,,,,,
0,12,3,3,65%,71%,"62%
(37/60)","73%
(49/67)","56%
(18/32)","52%
(14/27)",5/10,1/2,"27%
(18/67)","38%
(23/60)","37%
(10/27)","34%
(11/32)",1/2,5/10,9,35,30,40,"67%
(8/12)","81%
(22/27)","60%
(55/92)","67%
(63/94)","33%
(31/94)","40%
(37/92)","46%
(86/186)","54%
(100/186)","67%
(10/15)","93%
(13/14)","7%
(1/14)","33%
(5/15)","38%
(11/29)","62%
(18/29)",4178,4321,zapata-miralles-bernabe,auger-aliassime-felix,01.09.2021 18:00,us-open-2021,0-3,3,5,0-3 | 6-7(5-7) | 3-6 | 2-6,6-7,5-7,3-6,,2-6,,,,,
1,8,3,2,57%,69%,"57%
(29/51)","80%
(33/41)","42%
(16/38)","61%
(11/18)",10/17,0/1,"20%
(8/41)","43%
(22/51)","28%
(5/18)","50%
(19/38)",1/1,7/17,17,23,29,19,"64%
(14/22)","58%
(11/19)","51%
(45/89)","75%
(44/59)","25%
(15/59)","49%
(44/89)","41%
(60/148)","59%
(88/148)","46%
(6/13)","92%
(11/12)","8%
(1/12)","54%
(7/13)","28%
(7/25)","72%
(18/25)",5216,4893,koepfer-dominik,medvedev-daniil,01.09.2021 17:45,us-open-2021,0-3,3,5,0-3 | 4-6 | 1-6 | 2-6,4-6,,1-6,,2-6,,,,,
8,9,4,6,59%,63%,"74%
(51/69)","69%
(56/81)","60%
(29/48)","48%
(23/48)",1/3,6/10,"31%
(25/81)","26%
(18/69)","40%
(19/48)","31%
(15/48)",4/10,2/3,30,32,24,35,"63%
(19/30)","56%
(20/36)","68%
(80/117)","61%
(79/129)","39%
(50/129)","32%
(37/117)","53%
(130/246)","47%
(116/246)","90%
(18/20)","80%
(16/20)","20%
(4/20)","10%
(2/20)","55%
(22/40)","45%
(18/40)",7033,6704,bagnis-facundo,trungelliti-marco,01.09.2021 16:25,us-open-2021,3-1,4,5,3-1 | 7-6(7-4) | 4-6 | 6-3 | 6-3,7-6,7-4,4-6,,6-3,,6-3,,,
5,4,1,4,65%,60%,"66%
(57/86)","72%
(53/74)","48%
(22/46)","52%
(26/50)",4/10,2/6,"28%
(21/74)","34%
(29/86)","40%
(20/50)","50%
(23/46)",4/6,6/10,38,42,33,33,"55%
(16/29)","50%
(8/16)","60%
(79/132)","64%
(80/125)","36%
(45/125)","40%
(53/132)","48%
(124/257)","52%
(133/257)","70%
(14/20)","79%
(15/19)","21%
(4/19)","30%
(6/20)","46%
(18/39)","54%
(21/39)",7240,7498,garin-cristian,laaksonen-henri,01.09.2021 16:05,us-open-2021,1-3,4,5,1-3 | 6-3 | 6-7(5-7) | 2-6 | 4-6,6-3,,6-7,5-7,2-6,,4-6,,,
5,4,1,2,58%,69%,"58%
(30/52)","76%
(45/59)","46%
(17/37)","44%
(12/27)",8/14,5/6,"24%
(14/59)","42%
(22/52)","48%
(13/27)","51%
(19/37)",1/6,6/14,22,24,45,25,"61%
(11/18)","68%
(13/19)","53%
(47/89)","66%
(57/86)","34%
(29/86)","47%
(42/89)","43%
(76/175)","57%
(99/175)","54%
(7/13)","92%
(12/13)","8%
(1/13)","46%
(6/13)","31%
(8/26)","69%
(18/26)",4502,4292,kohlschreiber-philipp,andujar-pablo,01.09.2021 16:05,us-open-2021,0-3,3,5,0-3 | 4-6 | 3-6 | 1-6,4-6,,3-6,,1-6,,,,,
16,11,1,10,73%,59%,"65%
(75/115)","65%
(62/95)","50%
(21/42)","49%
(33/67)",8/14,14/21,"35%
(33/95)","35%
(40/115)","36%
(24/67)","48%
(20/42)",7/21,6/14,35,49,30,58,"64%
(9/14)","66%
(21/32)","61%
(97/159)","59%
(94/160)","41%
(66/160)","39%
(62/159)","51%
(163/319)","49%
(156/319)","75%
(18/24)","71%
(17/24)","29%
(7/24)","25%
(6/24)","52%
(25/48)","48%
(23/48)",8209,8001,lajovic-dusan,gojowczyk-peter,01.09.2021 16:05,us-open-2021,2-3,5,5,2-3 | 6-2 | 4-6 | 6-2 | 5-7 | 4-6,6-2,,4-6,,6-2,,5-7,,4-6,
10,6,5,4,63%,65%,"69%
(48/70)","83%
(60/72)","63%
(26/41)","51%
(20/39)",3/6,2/5,"17%
(12/72)","31%
(22/70)","38%
(15/39)","24%
(10/41)",3/5,3/6,38,39,30,25,"79%
(15/19)","78%
(28/36)","67%
(74/111)","72%
(80/111)","28%
(31/111)","33%
(37/111)","47%
(105/222)","53%
(117/222)","84%
(16/19)","85%
(17/20)","15%
(3/20)","16%
(3/19)","49%
(19/39)","51%
(20/39)",5465,5317,giron-marcos,evans-daniel,01.09.2021 16:00,us-open-2021,1-3,4,5,1-3 | 4-6 | 6-7(3-7) | 6-2 | 3-6,4-6,,6-7,3-7,6-2,,3-6,,,
4,9,3,5,65%,56%,"63%
(47/75)","74%
(52/70)","63%
(25/40)","56%
(30/54)",5/9,10/12,"26%
(18/70)","37%
(28/75)","35%
(19/54)","30%
(12/40)",2/12,4/9,27,50,30,35,"50%
(15/30)","76%
(22/29)","63%
(72/115)","66%
(82/124)","34%
(42/124)","37%
(43/115)","48%
(114/239)","52%
(125/239)","79%
(15/19)","89%
(17/19)","10%
(2/20)","21%
(4/19)","45%
(17/38)","54%
(21/39)",7416,7214,ruud-casper,van-de-zandschulp-botic,01.09.2021 16:00,us-open-2021,1-3,4,5,1-3 | 6-3 | 4-6 | 3-6 | 4-6,6-3,,4-6,,3-6,,4-6,,,
8,10,3,2,60%,66%,"85%
(55/65)","76%
(61/80)","68%
(30/44)","49%
(20/41)",0/1,8/11,"24%
(19/80)","15%
(10/65)","46%
(19/41)","25%
(11/44)",3/11,1/1,41,35,26,33,"80%
(16/20)","67%
(36/54)","78%
(86/110)","67%
(81/121)","33%
(40/121)","22%
(24/110)","55%
(126/231)","45%
(105/231)","95%
(19/20)","84%
(16/19)","16%
(3/19)","5%
(1/20)","56%
(22/39)","44%
(17/39)",5675,5598,alcaraz-garfia-carlos,rinderknech-arthur,01.09.2021 15:50,us-open-2021,3-1,4,5,3-1 | 7-6(8-6) | 4-6 | 6-1 | 6-4,7-6,8-6,4-6,,6-1,,6-4,,,
13,10,6,6,54%,68%,"75%
(56/75)","65%
(73/112)","44%
(28/63)","46%
(24/52)",10/15,5/10,"35%
(39/112)","25%
(19/75)","44%
(23/52)","46%
(29/63)",5/10,5/15,50,53,31,27,"64%
(38/59)","88%
(21/24)","61%
(84/138)","59%
(97/164)","41%
(67/164)","39%
(54/138)","50%
(151/302)","50%
(151/302)","76%
(16/21)","77%
(17/22)","23%
(5/22)","24%
(5/21)","49%
(21/43)","51%
(22/43)",8140,8671,nakashima-brandon,molcan-alex,01.09.2021 15:50,us-open-2021,2-3,5,5,2-3 | 3-6 | 6-3 | 6-1 | 2-6 | 4-6,3-6,,6-3,,6-1,,2-6,,4-6,
3,12,7,4,63%,61%,"64%
(42/66)","74%
(42/57)","49%
(19/39)","62%
(23/37)",6/10,4/6,"26%
(15/57)","36%
(24/66)","27%
(10/37)","33%
(13/39)",2/6,4/10,30,29,41,27,"68%
(15/22)","66%
(23/35)","58%
(61/105)","69%
(65/94)","31%
(29/94)","42%
(44/105)","45%
(90/199)","55%
(109/199)","71%
(10/14)","86%
(12/14)","14%
(2/14)","29%
(4/14)","43%
(12/28)","57%
(16/28)",4809,4818,dimitrov-grigor,popyrin-alexei,01.09.2021 15:45,us-open-2021,0-2,3,3,0-2 | 6-7(4-7) | 6-7(4-7) | 0-4,6-7,4-7,6-7,4-7,0-4,,,,,
18,7,1,6,59%,54%,"83%
(58/70)","63%
(45/71)","56%
(27/48)","46%
(28/61)",5/6,9/15,"37%
(26/71)","17%
(12/70)","44%
(27/61)","42%
(20/48)",6/15,1/6,67,33,35,30,"61%
(20/33)","58%
(18/31)","72%
(85/118)","55%
(73/132)","45%
(59/132)","28%
(33/118)","58%
(144/250)","42%
(106/250)","95%
(18/19)","68%
(13/19)","32%
(6/19)","5%
(1/19)","63%
(24/38)","37%
(14/38)",6261,6741,rublev-andrey,martinez-pedro,01.09.2021 15:40,us-open-2021,3-1,4,5,3-1 | 7-6(7-2) | 6-7(5-7) | 6-1 | 6-1,7-6,7-2,6-7,5-7,6-1,,6-1,,,
10,3,6,2,57%,58%,"66%
(46/70)","65%
(50/77)","54%
(28/52)","53%
(29/55)",9/13,9/14,"35%
(27/77)","34%
(24/70)","44%
(24/55)","35%
(18/52)",5/14,4/13,42,37,53,49,"57%
(12/21)","64%
(23/36)","61%
(74/122)","60%
(79/132)","40%
(53/132)","39%
(48/122)","50%
(127/254)","50%
(127/254)","78%
(14/18)","74%
(14/19)","26%
(5/19)","22%
(4/18)","51%
(19/37)","49%
(18/37)",7072,6987,fritz-taylor,de-minaur-alex,01.09.2021 01:00,us-open-2021,3-1,4,5,3-1 | 7-6(7-4) | 6-2 | 1-6 | 6-4,7-6,7-4,6-2,,1-6,,6-4,,,
17,1,7,4,64%,53%,"85%
(53/62)","61%
(30/49)","49%
(17/35)","50%
(22/44)",1/3,6/14,"39%
(19/49)","15%
(9/62)","41%
(18/44)","31%
(11/35)",8/14,2/3,55,24,30,26,"75%
(18/24)","42%
(5/12)","72%
(70/97)","56%
(52/93)","44%
(41/93)","28%
(27/97)","58%
(111/190)","42%
(79/190)","89%
(16/18)","50%
(8/16)","50%
(8/16)","11%
(2/18)","71%
(24/34)","29%
(10/34)",4716,5045,djokovic-novak,rune-holger,31.08.2021 23:15,us-open-2021,3-1,4,5,3-1 | 6-1 | 6-7(5-7) | 6-2 | 6-1,6-1,,6-7,5-7,6-2,,6-1,,,
2,2,1,4,60%,55%,"61%
(50/82)","56%
(42/75)","44%
(24/55)","43%
(26/61)",8/16,9/20,"44%
(33/75)","39%
(32/82)","51%
(31/61)","55%
(30/55)",11/20,8/16,37,33,59,64,"77%
(27/35)","56%
(14/25)","54%
(74/137)","50%
(68/136)","50%
(68/136)","46%
(63/137)","52%
(142/273)","48%
(131/273)","60%
(12/20)","43%
(9/21)","57%
(12/21)","40%
(8/20)","59%
(24/41)","41%
(17/41)",9237,9574,brooksby-jenson,ymer-mikael,31.08.2021 22:10,us-open-2021,3-1,4,5,3-1 | 7-5 | 6-2 | 5-7 | 6-3,7-5,,6-2,,5-7,,6-3,,,
12,9,6,5,68%,65%,"73%
(69/95)","80%
(69/86)","52%
(23/44)","55%
(26/47)",3/5,2/3,"20%
(17/86)","27%
(26/95)","34%
(16/47)","34%
(15/44)",1/3,2/5,65,40,31,13,"91%
(31/34)","59%
(10/17)","66%
(92/139)","71%
(95/133)","29%
(38/133)","34%
(47/139)","48%
(130/272)","52%
(142/272)","91%
(20/22)","95%
(21/22)","5%
(1/22)","9%
(2/22)","48%
(21/44)","52%
(23/44)",6872,7648,cecchinato-marco,svajda-zachary,31.08.2021 21:50,us-open-2021,1-3,4,5,1-3 | 6-7(6-8) | 7-5 | 4-6 | 4-6,6-7,6-8,7-5,,4-6,,4-6,,,
8,24,6,9,60%,56%,"73%
(58/79)","79%
(63/80)","47%
(25/53)","48%
(31/64)",5/10,6/11,"21%
(17/80)","27%
(21/79)","38%
(24/64)","42%
(22/53)",5/11,5/10,28,44,31,42,"63%
(10/16)","48%
(11/23)","63%
(83/132)","65%
(94/144)","35%
(50/144)","37%
(49/132)","48%
(133/276)","52%
(143/276)","77%
(17/22)","78%
(18/23)","22%
(5/23)","23%
(5/22)","49%
(22/45)","51%
(23/45)",6262,6140,fognini-fabio,pospisil-vasek,31.08.2021 21:25,us-open-2021,2-3,5,5,2-3 | 6-2 | 6-3 | 1-6 | 3-6 | 6-7(4-7),6-2,,6-3,,1-6,,3-6,,6-7,4-7
15,14,4,2,73%,57%,"72%
(56/78)","80%
(44/55)","31%
(9/29)","69%
(29/42)",7/9,4/4,"20%
(11/55)","28%
(22/78)","26%
(11/42)","55%
(16/29)",0/4,2/9,38,40,28,17,"46%
(6/13)","68%
(15/22)","61%
(65/107)","75%
(73/97)","25%
(24/97)","39%
(42/107)","44%
(89/204)","56%
(115/204)","87%
(13/15)","100%
(16/16)","0%
(0/16)","13%
(2/15)","42%
(13/31)","58%
(18/31)",5535,5739,sandgren-tennys,ivashka-ilya,31.08.2021 21:20,us-open-2021,0-3,3,5,0-3 | 6-7(3-7) | 3-6 | 4-6,6-7,3-7,3-6,,4-6,,,,,
26,31,7,5,62%,59%,"83%
(68/82)","75%
(70/93)","66%
(33/50)","58%
(37/64)",0/1,9/11,"25%
(23/93)","17%
(14/82)","34%
(22/64)","20%
(10/50)",2/11,1/1,72,55,37,31,"68%
(19/28)","56%
(9/16)","77%
(101/132)","68%
(107/157)","32%
(50/157)","23%
(31/132)","52%
(150/289)","48%
(138/289)","95%
(21/22)","91%
(21/23)","9%
(2/23)","5%
(1/22)","51%
(23/45)","49%
(22/45)",6702,6818,johnson-steve,marterer-maximilian,31.08.2021 20:05,us-open-2021,3-1,4,5,3-1 | 5-7 | 7-6(10-8) | 7-6(10-8) | 6-3,5-7,,7-6,10-8,7-6,10-8,6-3,,,
7,15,1,5,69%,63%,"71%
(63/89)","83%
(58/70)","40%
(16/40)","60%
(25/42)",7/12,4/4,"17%
(12/70)","29%
(26/89)","29%
(12/42)","57%
(23/40)",0/4,5/12,38,61,30,37,"59%
(20/34)","80%
(20/25)","61%
(79/129)","74%
(83/112)","26%
(29/112)","39%
(50/129)","45%
(108/241)","55%
(133/241)","74%
(14/19)","100%
(19/19)","0%
(0/19)","26%
(5/19)","37%
(14/38)","63%
(24/38)",6260,5924,nishioka-yoshihito,sock-jack,31.08.2021 20:00,us-open-2021,1-3,4,5,1-3 | 7-6(7-5) | 2-6 | 4-6 | 2-6,7-6,7-5,2-6,,4-6,,2-6,,,
30,25,7,16,68%,48%,"75%
(92/122)","81%
(63/78)","47%
(27/58)","54%
(45/83)",15/19,4/7,"19%
(15/78)","25%
(30/122)","27%
(22/83)","41%
(24/58)",3/7,4/19,58,57,38,42,"69%
(18/26)","65%
(33/51)","66%
(119/180)","67%
(108/161)","33%
(53/161)","34%
(61/180)","50%
(172/341)","50%
(169/341)","85%
(22/26)","88%
(23/26)","12%
(3/26)","15%
(4/26)","48%
(25/52)","52%
(27/52)",6828,6744,griekspoor-tallon,struff-jan-lennard,31.08.2021 19:40,us-open-2021,3-2,5,5,3-2 | 2-6 | 7-6(7-3) | 4-6 | 6-4 | 7-5,2-6,,7-6,7-3,4-6,,6-4,,7-5,
8,2,3,5,59%,58%,"93%
(38/41)","67%
(29/43)","50%
(14/28)","32%
(10/31)",1/2,6/12,"33%
(14/43)","7%
(3/41)","52%
(16/31)","39%
(11/28)",6/12,1/2,29,8,30,26,"93%
(13/14)","10%
(1/10)","75%
(52/69)","53%
(39/74)","47%
(35/74)","25%
(17/69)","61%
(87/143)","39%
(56/143)","92%
(12/13)","50%
(6/12)","50%
(6/12)","8%
(1/13)","72%
(18/25)","28%
(7/25)",3733,3944,monfils-gael,coria-federico,31.08.2021 19:15,us-open-2021,3-0,3,5,3-0 | 6-3 | 6-2 | 6-2,6-3,,6-2,,6-2,,,,,
5,10,6,4,62%,57%,"71%
(45/63)","62%
(40/65)","54%
(21/39)","50%
(25/50)",8/11,3/8,"38%
(25/65)","29%
(18/63)","42%
(21/50)","31%
(12/39)",5/8,3/11,32,42,26,35,"64%
(16/25)","43%
(20/47)","65%
(66/102)","57%
(65/115)","43%
(50/115)","35%
(36/102)","57%
(124/217)","47%
(101/217)","82%
(14/17)","71%
(12/17)","29%
(5/17)","18%
(3/17)","56%
(19/34)","44%
(15/34)",5443,5044,moutet-corentin,travaglia-stefano,31.08.2021 19:15,us-open-2021,3-0,3,5,3-0 | 6-4 | 7-5 | 7-6(7-3),6-4,,7-5,,7-6,7-3,,,,
10,6,6,3,61%,67%,"69%
(53/77)","67%
(55/82)","47%
(23/49)","46%
(19/41)",3/7,6/11,"33%
(27/82)","31%
(24/77)","46%
(19/41)","41%
(20/49)",5/11,4/7,34,45,50,67,"80%
(20/25)","70%
(30/43)","60%
(76/126)","60%
(74/123)","40%
(49/123)","40%
(50/126)","50%
(125/249)","50%
(124/249)","78%
(14/18)","72%
(13/18)","28%
(5/18)","22%
(4/18)","53%
(19/36)","47%
(17/36)",6380,6449,carballes-baena-roberto,paul-tommy,31.08.2021 19:05,us-open-2021,3-1,4,5,3-1 | 7-6(7-5) | 6-2 | 1-6 | 6-3,7-6,7-5,6-2,,1-6,,6-3,,,
17,14,2,8,59%,64%,"79%
(68/86)","75%
(77/103)","56%
(33/59)","46%
(27/59)",7/12,7/11,"25%
(26/103)","21%
(18/86)","41%
(24/59)","41%
(24/59)",4/11,5/12,37,57,35,72,"60%
(6/10)","65%
(22/34)","70%
(101/145)","64%
(104/162)","36%
(58/162)","30%
(44/145)","52%
(159/307)","48%
(148/307)","81%
(21/26)","84%
(21/25)","16%
(4/25)","19%
(5/26)","49%
(25/51)","51%
(26/51)",7774,7356,thompson-jordan,mager-gianluca,31.08.2021 18:55,us-open-2021,3-2,5,5,3-2 | 4-6 | 6-3 | 7-5 | 2-6 | 7-6(7-3),4-6,,6-3,,7-5,,2-6,,7-6,7-3
2,2,3,0,52%,63%,"63%
(10/16)","75%
(15/20)","33%
(5/15)","58%
(7/12)",1/4,0/0,"25%
(5/20)","38%
(6/16)","42%
(5/12)","47%
(7/15)",0/0,3/4,8,8,16,9,"67%
(4/6)","100%
(2/2)","48%
(15/31)","69%
(22/32)","31%
(10/32)","52%
(16/31)","40%
(25/63)","60%
(38/63)","50%
(3/6)","100%
(5/5)","0%
(0/5)","50%
(3/6)","27%
(3/11)","73%
(8/11)",1325,1363,korda-sebastian,basilashvili-nikoloz,31.08.2021 18:50,us-open-2021,0-1,2,3,0-1 | 2-6 | 1-2,2-6,,1-2,,,,,,,
1,14,2,6,62%,60%,"59%
(30/51)","90%
(37/41)","42%
(13/31)","44%
(12/27)",6/12,0/0,"10%
(4/41)","41%
(21/51)","33%
(9/27)","52%
(16/31)",0/0,6/12,11,38,20,23,"38%
(3/8)","82%
(9/11)","52%
(43/82)","72%
(49/68)","28%
(19/68)","48%
(39/82)","41%
(62/150)","59%
(88/150)","54%
(7/13)","100%
(12/12)","0%
(0/12)","46%
(6/13)","28%
(7/25)","72%
(18/25)",3698,3758,delbonis-federico,shapovalov-denis,31.08.2021 18:40,us-open-2021,0-3,3,5,0-3 | 2-6 | 2-6 | 3-6,2-6,,2-6,,3-6,,,,,
12,12,8,4,52%,54%,"70%
(45/64)","76%
(44/58)","43%
(26/60)","60%
(30/50)",12/18,5/7,"24%
(14/58)","30%
(19/64)","32%
(16/50)","43%
(26/60)",2/7,6/18,34,49,28,16,"61%
(41/67)","81%
(17/21)","57%
(71/124)","69%
(74/108)","31%
(34/108)","43%
(53/124)","45%
(105/232)","55%
(127/232)","67%
(12/18)","89%
(16/18)","11%
(2/18)","33%
(6/18)","39%
(14/36)","61%
(22/36)",5146,5552,purcell-max,sinner-jannik,31.08.2021 18:35,us-open-2021,1-3,4,5,1-3 | 4-6 | 2-6 | 6-4 | 2-6,4-6,,2-6,,6-4,,2-6,,,
7,44,4,10,78%,65%,"75%
(94/126)","87%
(79/91)","42%
(15/36)","56%
(28/50)",10/13,2/4,"13%
(12/91)","25%
(32/126)","24%
(12/50)","47%
(17/36)",2/4,3/13,41,81,23,35,"53%
(10/19)","66%
(64/97)","67%
(109/162)","76%
(107/141)","24%
(34/141)","33%
(53/162)","48%
(144/303)","52%
(159/303)","88%
(22/25)","92%
(24/26)","8%
(2/26)","12%
(3/25)","47%
(24/51)","53%
(27/51)",6618,6205,carreno-busta-pablo,cressy-maxime,31.08.2021 18:20,us-open-2021,2-3,5,5,2-3 | 7-5 | 6-4 | 1-6 | 4-6 | 6-7(7-9),7-5,,6-4,,1-6,,4-6,,6-7,7-9
12,17,3,1,64%,67%,"71%
(55/77)","81%
(54/67)","56%
(24/43)","70%
(23/33)",7/10,2/3,"19%
(13/67)","29%
(22/77)","27%
(9/33)","37%
(16/43)",1/3,3/10,37,37,39,15,"73%
(29/40)","80%
(16/20)","66%
(79/120)","77%
(77/100)","23%
(23/100)","34%
(41/120)","46%
(102/220)","54%
(118/220)","82%
(14/17)","94%
(15/16)","6%
(1/16)","18%
(3/17)","45%
(15/33)","55%
(18/33)",4716,4759,chardy-jeremy,berrettini-matteo,31.08.2021 18:15,us-open-2021,0-3,3,5,0-3 | 6-7(5-7) | 6-7(7-9) | 3-6,6-7,5-7,6-7,7-9,3-6,,,,,
9,12,10,7,56%,65%,"73%
(70/96)","67%
(66/98)","53%
(40/76)","49%
(26/53)",6/11,2/8,"33%
(32/98)","27%
(26/96)","38%
(20/53)","34%
(26/76)",6/8,5/11,38,60,42,62,"62%
(32/52)","70%
(35/50)","64%
(110/172)","61%
(92/151)","39%
(59/151)","36%
(62/172)","52%
(169/323)","48%
(154/323)","79%
(19/24)","75%
(18/24)","25%
(6/24)","21%
(5/24)","52%
(25/48)","48%
(23/48)",7215,7325,otte-oscar,sonego-lorenzo,31.08.2021 17:55,us-open-2021,3-1,4,5,3-1 | 6-7(8-10) | 7-5 | 7-6(7-4) | 7-6(7-1),6-7,8-10,7-5,,7-6,7-4,7-6,7-1,,
9,9,5,9,56%,56%,"76%
(70/92)","78%
(69/88)","46%
(33/71)","57%
(39/69)",4/9,3/6,"22%
(19/88)","24%
(22/92)","30%
(21/69)","46%
(33/71)",3/6,5/9,40,42,22,21,"56%
(9/16)","68%
(15/22)","63%
(103/163)","69%
(108/157)","31%
(49/157)","37%
(60/163)","48%
(152/320)","53%
(168/320)","80%
(20/25)","88%
(22/25)","12%
(3/25)","20%
(5/25)","46%
(23/50)","54%
(27/50)",8267,8470,seppi-andreas,fucsovics-marton,31.08.2021 17:25,us-open-2021,3-2,5,5,3-2 | 2-6 | 7-5 | 6-4 | 2-6 | 7-6(15-13),2-6,,7-5,,6-4,,2-6,,7-6,15-13
6,18,3,10,57%,51%,"57%
(28/49)","78%
(43/55)","46%
(17/37)","50%
(26/52)",5/13,11/13,"22%
(12/55)","43%
(21/49)","31%
(16/52)","46%
(17/37)",2/13,8/13,30,48,41,40,"57%
(17/30)","54%
(22/41)","52%
(45/86)","64%
(69/107)","36%
(38/107)","48%
(41/86)","43%
(83/193)","57%
(110/193)","47%
(7/15)","88%
(14/16)","13%
(2/16)","53%
(8/15)","29%
(9/31)","71%
(22/31)",3734,3431,hanfmann-yannick,bublik-alexander,31.08.2021 16:50,us-open-2021,1-3,4,5,1-3 | 0-6 | 6-4 | 2-6 | 1-6,0-6,,6-4,,2-6,,1-6,,,
14,6,0,7,63%,62%,"86%
(37/43)","70%
(44/63)","76%
(19/25)","38%
(15/39)",0/0,6/10,"30%
(19/63)","14%
(6/43)","44%
(17/39)","24%
(6/25)",4/10,0/0,38,24,12,22,"53%
(8/15)","62%
(18/29)","82%
(56/68)","58%
(59/102)","42%
(43/102)","18%
(12/68)","58%
(99/170)","42%
(71/170)","100%
(14/14)","71%
(10/14)","29%
(4/14)","0%
(0/14)","64%
(18/28)","36%
(10/28)",4043,3837,hurkacz-hubert,gerasimov-egor,31.08.2021 16:30,us-open-2021,3-0,3,5,3-0 | 6-3 | 6-4 | 6-3,6-3,,6-4,,6-3,,,,,
18,17,1,5,69%,56%,"90%
(46/51)","70%
(38/54)","61%
(14/23)","43%
(18/42)",0/0,6/10,"30%
(16/54)","10%
(5/51)","45%
(19/42)","35%
(8/23)",4/10,0/0,40,32,15,28,"92%
(12/13)","47%
(8/17)","81%
(60/74)","58%
(56/96)","42%
(40/96)","19%
(14/74)","59%
(100/170)","41%
(70/170)","100%
(15/15)","73%
(11/15)","27%
(4/15)","0%
(0/15)","63%
(19/30)","37%
(11/30)",3886,3538,zverev-alexander,querrey-sam,31.08.2021 16:10,us-open-2021,3-0,3,5,3-0 | 6-4 | 7-5 | 6-2,6-4,,7-5,,6-2,,,,,
6,5,4,2,73%,72%,"54%
(30/56)","82%
(40/49)","29%
(6/21)","58%
(11/19)",2/8,2/2,"18%
(9/49)","46%
(26/56)","32%
(6/19)","52%
(11/21)",0/2,6/8,24,18,37,8,"63%
(5/8)","71%
(5/7)","47%
(36/77)","75%
(51/68)","25%
(17/68)","53%
(41/77)","37%
(53/145)","63%
(92/145)","45%
(5/11)","100%
(12/12)","0%
(0/12)","55%
(6/11)","22%
(5/23)","78%
(18/23)",1941,2129,cuevas-pablo,escobedo-ernesto,31.08.2021 15:15,us-open-2021,0-3,3,5,0-3 | 1-6 | 3-6 | 1-6,1-6,,3-6,,1-6,,,,,
7,2,6,3,68%,59%,"56%
(43/77)","67%
(42/63)","44%
(16/36)","58%
(25/43)",5/14,5/8,"33%
(21/63)","44%
(34/77)","35%
(15/43)","39%
(14/36)",3/8,9/14,19,31,39,37,"71%
(10/14)","69%
(18/26)","52%
(59/113)","63%
(67/106)","37%
(39/106)","48%
(54/113)","45%
(98/219)","55%
(121/219)","44%
(8/18)","76%
(13/17)","24%
(4/17)","56%
(10/18)","34%
(12/35)","66%
(23/35)",4797,5282,caruso-salvatore,nishikori-kei,31.08.2021 15:10,us-open-2021,1-3,4,5,1-3 | 1-6 | 1-6 | 7-5 | 3-6,1-6,,1-6,,7-5,,3-6,,,
6,7,9,6,69%,60%,"73%
(59/81)","63%
(46/73)","42%
(15/36)","54%
(26/48)",6/9,9/14,"37%
(27/73)","27%
(22/81)","33%
(16/48)","33%
(12/36)",5/14,3/9,57,19,57,24,"67%
(33/49)","53%
(8/15)","63%
(74/117)","60%
(72/121)","40%
(49/121)","37%
(43/117)","52%
(123/238)","48%
(115/238)","83%
(15/18)","72%
(13/18)","28%
(5/18)","17%
(3/18)","56%
(20/36)","44%
(16/36)",4287,4570,karatsev-aslan,munar-jaume,31.08.2021 15:10,us-open-2021,3-1,4,5,3-1 | 7-5 | 1-6 | 6-3 | 6-2,7-5,,1-6,,6-3,,6-2,,,
13,20,4,2,57%,62%,"72%
(51/71)","80%
(61/76)","57%
(31/54)","41%
(19/46)",9/14,3/7,"20%
(15/76)","28%
(20/71)","54%
(25/46)","35%
(19/54)",4/7,5/14,32,46,39,43,"67%
(16/24)","85%
(11/13)","66%
(82/125)","66%
(80/122)","34%
(42/122)","34%
(43/125)","50%
(124/247)","50%
(123/247)","77%
(17/22)","82%
(18/22)","18%
(4/22)","23%
(5/22)","48%
(21/44)","52%
(23/44)",5222,5462,khachanov-karen,harris-lloyd,31.08.2021 15:10,us-open-2021,2-3,5,5,2-3 | 4-6 | 6-1 | 6-4 | 3-6 | 2-6,4-6,,6-1,,6-4,,3-6,,2-6,
15,24,9,8,51%,56%,"81%
(59/73)","80%
(64/80)","61%
(42/69)","52%
(32/62)",8/9,10/12,"20%
(16/80)","19%
(14/73)","35%
(22/62)","26%
(18/69)",2/12,1/9,32,53,39,56,"67%
(14/21)","71%
(5/7)","71%
(101/142)","68%
(96/142)","32%
(46/142)","29%
(41/142)","52%
(147/284)","48%
(137/284)","95%
(21/22)","90%
(19/21)","10%
(2/21)","5%
(1/22)","53%
(23/43)","47%
(20/43)",5711,5993,kudla-denis,djere-laslo,31.08.2021 15:10,us-open-2021,3-1,4,5,3-1 | 4-6 | 6-3 | 7-5 | 7-6(7-4),4-6,,6-3,,7-5,,7-6,7-4,,
7,18,7,15,69%,48%,"75%
(75/100)","80%
(70/87)","57%
(25/44)","45%
(43/95)",4/7,13/19,"20%
(17/87)","25%
(25/100)","39%
(37/95)","27%
(12/44)",6/19,3/7,33,85,27,59,"65%
(17/26)","67%
(41/61)","69%
(100/144)","62%
(113/182)","38%
(69/182)","31%
(44/144)","52%
(169/326)","48%
(157/326)","88%
(23/26)","78%
(21/27)","22%
(6/27)","12%
(3/26)","55%
(29/53)","45%
(24/53)",6647,6281,ramos-vinolas-albert,pouille-lucas,31.08.2021 15:10,us-open-2021,3-2,5,5,3-2 | 6-1 | 5-7 | 5-7 | 7-5 | 6-4,6-1,,5-7,,5-7,,7-5,,6-4,
13,33,9,6,60%,70%,"79%
(49/62)","83%
(59/71)","41%
(17/41)","50%
(15/30)",2/4,2/2,"17%
(12/71)","21%
(13/62)","30%
(9/30)","37%
(15/41)",0/2,2/4,34,55,28,31,"75%
(6/8)","68%
(15/22)","64%
(66/103)","73%
(74/101)","27%
(27/101)","36%
(37/103)","46%
(93/204)","54%
(111/204)","88%
(14/16)","100%
(16/16)","0%
(0/16)","13%
(2/16)","44%
(14/32)","56%
(18/32)",3057,2819,kwon-soon-woo,opelka-reilly,31.08.2021 15:05,us-open-2021,0-3,3,5,0-3 | 6-7(3-7) | 4-6 | 4-6,6-7,3-7,4-6,,4-6,,,,,
14,6,3,5,71%,56%,"66%
(50/76)","64%
(34/53)","58%
(18/31)","48%
(20/42)",5/6,7/12,"36%
(19/53)","34%
(26/76)","40%
(17/42)","32%
(10/31)",5/12,1/6,36,20,37,35,"45%
(9/20)","70%
(16/23)","64%
(68/107)","57%
(54/95)","43%
(41/95)","36%
(39/107)","54%
(109/202)","46%
(93/202)","93%
(14/15)","64%
(9/14)","36%
(5/14)","7%
(1/15)","66%
(19/29)","34%
(10/29)",3750,3695,mcdonald-mackenzie,goffin-david,31.08.2021 15:05,us-open-2021,3-0,3,5,3-0 | 6-2 | 7-5 | 6-3,6-2,,7-5,,6-3,,,,,
6,11,5,10,64%,56%,"78%
(57/73)","67%
(42/63)","54%
(22/41)","42%
(21/50)",1/3,5/12,"33%
(21/63)","22%
(16/73)","38%
(19/50)","34%
(14/41)",7/12,2/3,13,42,18,56,"67%
(10/15)","67%
(20/30)","69%
(79/114)","56%
(63/113)","44%
(50/113)","31%
(35/114)","57%
(129/227)","43%
(98/227)","89%
(17/19)","63%
(12/19)","37%
(7/19)","11%
(2/19)","63%
(24/38)","37%
(14/38)",3033,3746,musetti-lorenzo,nava-emilio,31.08.2021 15:05,us-open-2021,3-1,4,5,3-1 | 6-7(5-7) | 6-4 | 6-1 | 6-3,6-7,5-7,6-4,,6-1,,6-3,,,
1,15,6,4,55%,60%,"63%
(36/57)","88%
(36/41)","43%
(20/47)","67%
(18/27)",8/13,2/2,"12%
(5/41)","37%
(21/57)","19%
(5/27)","45%
(21/47)",0/2,5/13,25,37,38,15,"75%
(38/51)","50%
(6/12)","53%
(56/105)","79%
(54/68)","21%
(14/68)","47%
(49/105)","40%
(70/173)","60%
(103/173)","62%
(8/13)","100%
(13/13)","0%
(0/13)","38%
(5/13)","31%
(8/26)","69%
(18/26)",4167,4590,gasquet-richard,medvedev-daniil,31.08.2021 03:05,us-open-2021,0-3,3,5,0-3 | 4-6 | 3-6 | 1-6,4-6,,3-6,,1-6,,,,,
14,12,2,2,63%,52%,"80%
(41/51)","59%
(20/34)","53%
(16/30)","50%
(16/32)",1/1,1/6,"41%
(14/34)","20%
(10/51)","44%
(14/32)","40%
(12/30)",5/6,0/1,34,37,14,36,"100%
(12/12)","47%
(8/17)","70%
(57/81)","55%
(36/66)","45%
(30/66)","30%
(24/81)","59%
(87/147)","41%
(60/147)","100%
(13/13)","58%
(7/12)","42%
(5/12)","0%
(0/13)","72%
(18/25)","28%
(7/25)",3844,3721,bautista-agut-roberto,kyrgios-nick,31.08.2021 02:55,us-open-2021,3-0,3,5,3-0 | 6-3 | 6-4 | 6-0,6-3,,6-4,,6-0,,,,,
28,12,5,9,66%,60%,"72%
(57/79)","74%
(63/85)","55%
(22/40)","29%
(16/56)",7/9,10/17,"26%
(22/85)","28%
(22/79)","55%
(31/56)","33%
(13/40)",7/17,2/9,54,46,38,53,"53%
(10/19)","65%
(22/34)","66%
(79/119)","56%
(78/139)","44%
(61/139)","34%
(40/119)","54%
(140/258)","46%
(118/258)","89%
(17/19)","61%
(11/18)","39%
(7/18)","11%
(2/19)","65%
(24/37)","35%
(13/37)",6300,5906,pella-guido,krajinovic-filip,30.08.2021 23:50,us-open-2021,3-1,4,5,3-1 | 6-7(2-7) | 6-3 | 6-2 | 6-2,6-7,2-7,6-3,,6-2,,6-2,,,
15,26,4,7,68%,69%,"82%
(71/87)","72%
(71/99)","51%
(21/41)","47%
(21/45)",0/2,12/15,"28%
(28/99)","18%
(16/87)","38%
(17/45)","39%
(16/41)",3/15,2/2,47,56,18,36,"67%
(18/27)","62%
(18/29)","72%
(91/127)","64%
(92/144)","36%
(52/144)","28%
(36/127)","53%
(143/271)","47%
(128/271)","91%
(20/22)","86%
(18/21)","14%
(3/21)","9%
(2/22)","53%
(23/43)","47%
(20/43)",5302,5355,tiafoe-frances,eubanks-christopher,30.08.2021 23:35,us-open-2021,3-1,4,5,3-1 | 7-6(10-8) | 5-7 | 6-3 | 6-4,7-6,10-8,5-7,,6-3,,6-4,,,
6,6,3,2,59%,66%,"70%
(40/57)","78%
(38/49)","36%
(14/39)","56%
(14/25)",4/10,1/3,"22%
(11/49)","30%
(17/57)","36%
(9/25)","56%
(22/39)",2/3,6/10,16,38,26,13,"60%
(9/15)","56%
(9/16)","56%
(54/96)","70%
(52/74)","30%
(22/74)","44%
(42/96)","45%
(76/170)","55%
(94/170)","60%
(9/15)","86%
(12/14)","14%
(2/14)","40%
(6/15)","38%
(11/29)","62%
(18/29)",4458,4513,norrie-cameron,alcaraz-garfia-carlos,30.08.2021 22:55,us-open-2021,0-3,3,5,0-3 | 4-6 | 4-6 | 3-6,4-6,,4-6,,3-6,,,,,
10,24,11,9,57%,64%,"70%
(66/94)","79%
(77/98)","54%
(39/72)","39%
(21/54)",13/16,11/15,"21%
(21/98)","30%
(28/94)","44%
(24/54)","31%
(22/72)",4/15,3/16,82,76,39,39,"65%
(22/34)","69%
(34/49)","63%
(105/166)","64%
(98/152)","36%
(54/152)","37%
(61/166)","50%
(159/318)","50%
(159/318)","88%
(21/24)","83%
(20/24)","17%
(4/24)","13%
(3/24)","52%
(25/48)","48%
(23/48)",6824,6704,koepfer-dominik,halys-quentin,30.08.2021 22:20,us-open-2021,3-2,5,5,3-2 | 6-4 | 3-6 | 4-6 | 6-3 | 6-4,6-4,,3-6,,4-6,,6-3,,6-4,
13,5,8,5,58%,64%,"81%
(56/69)","75%
(53/71)","64%
(32/50)","55%
(22/40)",1/1,3/7,"25%
(18/71)","19%
(13/69)","33%
(13/40)","20%
(10/50)",4/7,0/1,51,23,69,62,"71%
(20/28)","44%
(7/16)","74%
(88/119)","68%
(75/111)","32%
(36/111)","26%
(31/119)","54%
(124/230)","46%
(106/230)","100%
(20/20)","79%
(15/19)","21%
(4/19)","0%
(0/20)","62%
(24/39)","38%
(15/39)",5299,5438,popyrin-alexei,albot-radu,30.08.2021 21:55,us-open-2021,3-1,4,5,3-1 | 6-3 | 6-7(3-7) | 6-3 | 6-3,6-3,,6-7,3-7,6-3,,6-3,,,
21,25,4,6,58%,65%,"77%
(73/95)","76%
(86/113)","57%
(40/70)","50%
(31/62)",15/19,6/8,"24%
(27/113)","23%
(22/95)","40%
(25/62)","37%
(26/70)",2/8,4/19,70,86,36,49,"67%
(20/30)","67%
(54/81)","68%
(113/165)","67%
(117/175)","33%
(58/175)","32%
(52/165)","50%
(171/340)","50%
(169/340)","85%
(22/26)","92%
(24/26)","8%
(2/26)","15%
(4/26)","46%
(24/52)","54%
(28/52)",8056,7903,kecmanovic-miomir,rinderknech-arthur,30.08.2021 21:35,us-open-2021,2-3,5,5,2-3 | 7-6(12-10) | 6-3 | 5-7 | 3-6 | 4-6,7-6,12-10,6-3,,5-7,,3-6,,4-6,
6,18,1,2,55%,61%,"64%
(36/56)","77%
(53/69)","58%
(26/45)","56%
(25/45)",7/12,10/11,"23%
(16/69)","36%
(20/56)","40%
(18/45)","40%
(18/45)",1/11,5/12,35,46,24,29,"56%
(9/16)","52%
(11/21)","61%
(62/101)","68%
(78/114)","32%
(36/114)","39%
(39/101)","46%
(98/215)","54%
(117/215)","71%
(12/17)","94%
(16/17)","6%
(1/17)","29%
(5/17)","38%
(13/34)","62%
(21/34)",5584,5702,majchrzak-kamil,ruusuvuori-emil,30.08.2021 21:15,us-open-2021,1-3,4,5,1-3 | 4-6 | 2-6 | 6-3 | 1-6,4-6,,2-6,,6-3,,1-6,,,
18,13,8,7,64%,56%,"79%
(72/91)","69%
(55/80)","35%
(18/52)","56%
(36/64)",10/16,5/11,"31%
(25/80)","21%
(19/91)","33%
(21/64)","50%
(26/52)",6/11,6/16,63,26,51,32,"77%
(27/35)","53%
(10/19)","63%
(90/143)","63%
(91/144)","37%
(53/144)","37%
(53/143)","50%
(143/287)","50%
(144/287)","75%
(18/24)","75%
(18/24)","25%
(6/24)","25%
(6/24)","50%
(24/48)","50%
(24/48)",7107,7209,van-de-zandschulp-botic,taberner-carlos,30.08.2021 21:05,us-open-2021,3-2,5,5,3-2 | 2-6 | 3-6 | 6-4 | 7-5 | 6-3,2-6,,3-6,,6-4,,7-5,,6-3,
8,11,1,4,64%,63%,"76%
(44/58)","57%
(40/70)","78%
(25/32)","50%
(21/42)",3/4,11/17,"43%
(30/70)","24%
(14/58)","40%
(17/42)","19%
(6/32)",6/17,1/4,39,29,23,56,"62%
(8/13)","63%
(15/24)","77%
(69/90)","54%
(61/112)","46%
(51/112)","23%
(21/90)","59%
(120/202)","41%
(82/202)","94%
(16/17)","63%
(10/16)","38%
(6/16)","6%
(1/17)","67%
(22/33)","33%
(11/33)",5543,5102,molcan-alex,ilkel-cem,30.08.2021 20:45,us-open-2021,3-1,4,5,3-1 | 4-6 | 6-3 | 6-1 | 6-1,4-6,,6-3,,6-1,,6-1,,,
18,10,12,11,61%,65%,"74%
(81/110)","67%
(76/114)","46%
(32/70)","46%
(28/61)",5/10,12/19,"33%
(38/114)","26%
(29/110)","36%
(22/61)","37%
(26/70)",7/19,5/10,47,44,64,77,"60%
(24/40)","62%
(23/37)","63%
(113/180)","59%
(104/175)","41%
(71/175)","37%
(67/180)","52%
(184/355)","48%
(171/355)","82%
(23/28)","74%
(20/27)","26%
(7/27)","18%
(5/28)","55%
(30/55)","45%
(25/55)",8436,8620,trungelliti-marco,davidovich-fokina-alejandro,30.08.2021 19:50,us-open-2021,3-2,5,5,3-2 | 5-7 | 6-3 | 7-5 | 6-7(3-7) | 6-4,5-7,,6-3,,7-5,,6-7,3-7,6-4,
14,1,5,9,59%,49%,"90%
(43/48)","70%
(33/47)","59%
(20/34)","43%
(21/49)",0/1,6/10,"30%
(14/47)","10%
(5/48)","39%
(19/49)","26%
(9/34)",4/10,1/1,42,17,28,44,"82%
(14/17)","55%
(18/33)","77%
(63/82)","56%
(54/96)","44%
(42/96)","23%
(19/82)","59%
(105/178)","41%
(73/178)","93%
(14/15)","69%
(9/13)","31%
(4/13)","7%
(1/15)","64%
(18/28)","36%
(10/28)",4256,4103,dimitrov-grigor,riffice-sam,30.08.2021 19:15,us-open-2021,3-0,3,5,3-0 | 6-1 | 7-6(7-3) | 6-3,6-1,,7-6,7-3,6-3,,,,,
19,3,3,1,68%,55%,"90%
(47/52)","68%
(25/37)","48%
(12/25)","40%
(12/30)",4/4,7/12,"32%
(12/37)","10%
(5/52)","57%
(17/30)","40%
(10/25)",5/12,0/4,47,15,18,14,"79%
(11/14)","64%
(7/11)","77%
(59/77)","55%
(37/67)","45%
(30/67)","23%
(18/77)","62%
(89/144)","38%
(55/144)","100%
(13/13)","58%
(7/12)","42%
(5/12)","0%
(0/13)","72%
(18/25)","28%
(7/25)",3677,3488,ruud-casper,sugita-yuichi,30.08.2021 19:00,us-open-2021,3-0,3,5,3-0 | 6-3 | 6-2 | 6-2,6-3,,6-2,,6-2,,,,,
9,19,3,5,63%,56%,"70%
(71/102)","77%
(63/82)","56%
(34/61)","59%
(38/64)",7/10,7/11,"23%
(19/82)","30%
(31/102)","33%
(21/64)","39%
(24/61)",4/11,3/10,42,67,38,51,"74%
(26/35)","65%
(30/46)","64%
(105/163)","69%
(101/146)","31%
(45/146)","36%
(58/163)","49%
(150/309)","51%
(159/309)","88%
(21/24)","83%
(20/24)","17%
(4/24)","13%
(3/24)","52%
(25/48)","48%
(23/48)",8518,8439,murray-andy,tsitsipas-stefanos,30.08.2021 18:50,us-open-2021,2-3,5,5,2-3 | 6-2 | 6-7(7-9) | 6-3 | 3-6 | 4-6,6-2,,6-7,7-9,6-3,,3-6,,4-6,
16,8,15,4,57%,56%,"72%
(68/95)","76%
(62/82)","47%
(34/73)","52%
(33/64)",6/12,10/14,"24%
(20/82)","28%
(27/95)","42%
(27/64)","33%
(24/73)",4/14,6/12,49,42,42,31,"67%
(28/42)","54%
(14/26)","61%
(102/168)","65%
(95/146)","35%
(51/146)","39%
(66/168)","49%
(153/314)","51%
(161/314)","75%
(18/24)","83%
(19/23)","17%
(4/23)","25%
(6/24)","47%
(22/47)","53%
(25/47)",7302,7388,herbert-pierre-hugues,mannarino-adrian,30.08.2021 18:25,us-open-2021,2-3,5,5,2-3 | 6-3 | 6-4 | 4-6 | 3-6 | 3-6,6-3,,6-4,,4-6,,3-6,,3-6,
10,6,4,8,63%,64%,"80%
(49/61)","65%
(44/68)","47%
(17/36)","42%
(16/38)",2/4,9/14,"35%
(24/68)","20%
(12/61)","37%
(14/38)","42%
(15/36)",5/14,2/4,32,42,12,38,"75%
(6/8)","69%
(11/16)","68%
(66/97)","57%
(60/106)","43%
(46/106)","32%
(31/97)","55%
(112/203)","45%
(91/203)","88%
(14/16)","67%
(10/15)","33%
(5/15)","13%
(2/16)","61%
(19/31)","39%
(12/31)",4140,3878,giron-marcos,hoang-antoine,30.08.2021 18:05,us-open-2021,3-0,3,5,3-0 | 6-3 | 6-4 | 7-5,6-3,,6-4,,7-5,,,,,
26,15,6,5,66%,58%,"75%
(57/76)","91%
(49/54)","50%
(20/40)","72%
(28/39)",3/5,0/1,"9%
(5/54)","25%
(19/76)","15%
(6/39)","35%
(14/40)",1/1,2/5,45,38,28,16,"41%
(9/22)","81%
(13/16)","66%
(77/116)","83%
(77/93)","17%
(16/93)","34%
(39/116)","44%
(93/209)","56%
(116/209)","88%
(14/16)","94%
(16/17)","6%
(1/17)","13%
(2/16)","45%
(15/33)","55%
(18/33)",3760,3915,isner-john,nakashima-brandon,30.08.2021 17:50,us-open-2021,0-3,3,5,0-3 | 6-7(7-9) | 6-7(6-8) | 3-6,6-7,7-9,6-7,6-8,3-6,,,,,
12,10,4,10,61%,56%,"75%
(66/88)","74%
(64/87)","46%
(26/56)","51%
(34/67)",6/12,14/18,"26%
(23/87)","25%
(22/88)","34%
(23/67)","46%
(26/56)",4/18,6/12,54,51,40,51,"75%
(15/20)","66%
(25/38)","64%
(92/144)","64%
(98/154)","36%
(56/154)","36%
(52/144)","50%
(148/298)","50%
(150/298)","75%
(18/24)","83%
(19/23)","17%
(4/23)","25%
(6/24)","47%
(22/47)","53%
(25/47)",7759,7553,kukushkin-mikhail,andujar-pablo,30.08.2021 17:45,us-open-2021,2-3,5,5,2-3 | 6-3 | 6-4 | 4-6 | 4-6 | 2-6,6-3,,6-4,,4-6,,4-6,,2-6,
6,10,4,5,64%,61%,"80%
(61/76)","71%
(52/73)","50%
(21/42)","45%
(21/47)",8/12,4/9,"29%
(21/73)","20%
(15/76)","45%
(21/47)","40%
(17/42)",5/9,4/12,22,40,21,54,"88%
(7/8)","45%
(13/29)","69%
(82/118)","61%
(73/120)","39%
(47/120)","31%
(36/118)","54%
(129/238)","46%
(109/238)","81%
(17/21)","75%
(15/20)","25%
(5/20)","19%
(4/21)","54%
(22/41)","46%
(19/41)",5846,5639,garin-cristian,gombos-norbert,30.08.2021 17:15,us-open-2021,3-1,4,5,3-1 | 6-3 | 4-6 | 6-4 | 7-6(7-4),6-3,,4-6,,6-4,,7-6,7-4,,
15,17,6,4,69%,61%,"71%
(79/112)","68%
(63/92)","53%
(27/51)","54%
(32/59)",4/7,7/12,"32%
(29/92)","29%
(33/112)","39%
(23/59)","35%
(18/51)",5/12,3/7,63,72,49,76,"63%
(29/46)","59%
(35/59)","65%
(106/163)","63%
(95/151)","37%
(56/151)","35%
(57/163)","52%
(162/314)","48%
(152/314)","88%
(21/24)","79%
(19/24)","21%
(5/24)","13%
(3/24)","54%
(26/48)","46%
(22/48)",7536,6826,martinez-pedro,duckworth-james,30.08.2021 17:15,us-open-2021,3-2,5,5,3-2 | 4-6 | 4-6 | 7-6(9-7) | 6-2 | 6-2,4-6,,4-6,,7-6,9-7,6-2,,6-2,
8,19,1,3,78%,70%,"85%
(58/68)","82%
(46/56)","68%
(13/19)","46%
(11/24)",4/4,0/2,"18%
(10/56)","15%
(10/68)","42%
(10/24)","26%
(5/19)",2/2,0/4,27,43,8,26,"100%
(4/4)","59%
(34/58)","82%
(71/87)","71%
(57/80)","29%
(23/80)","18%
(16/87)","56%
(94/167)","44%
(73/167)","100%
(16/16)","86%
(12/14)","14%
(2/14)","0%
(0/16)","60%
(18/30)","40%
(12/30)",2902,2566,rublev-andrey,karlovic-ivo,30.08.2021 17:05,us-open-2021,3-0,3,5,3-0 | 6-3 | 7-6(7-3) | 6-3,6-3,,7-6,7-3,6-3,,,,,
18,21,6,5,58%,52%,"73%
(58/80)","76%
(51/67)","43%
(25/58)","61%
(38/62)",5/12,6/7,"24%
(16/67)","28%
(22/80)","31%
(19/62)","47%
(27/58)",1/7,7/12,65,67,45,30,"57%
(8/14)","86%
(6/7)","60%
(83/138)","69%
(89/129)","31%
(40/129)","40%
(55/138)","46%
(123/267)","54%
(144/267)","67%
(14/21)","95%
(19/20)","5%
(1/20)","33%
(7/21)","37%
(15/41)","63%
(26/41)",5089,5226,cilic-marin,kohlschreiber-philipp,30.08.2021 16:40,us-open-2021,2-2,5,3,2-2 | 7-6(7-4) | 7-6(7-3) | 2-6 | 1-6 | 0-2,7-6,7-4,7-6,7-3,2-6,,1-6,,0-2,
7,5,1,3,58%,52%,"82%
(37/45)","65%
(22/34)","48%
(16/33)","44%
(14/32)",2/4,1/7,"35%
(12/34)","18%
(8/45)","47%
(15/32)","48%
(16/33)",6/7,2/4,22,16,17,22,"100%
(7/7)","50%
(5/10)","68%
(53/78)","55%
(36/66)","45%
(30/66)","32%
(25/78)","58%
(83/144)","42%
(61/144)","86%
(12/14)","54%
(7/13)","46%
(6/13)","14%
(2/14)","67%
(18/27)","33%
(9/27)",3735,3646,bagnis-facundo,daniel-taro,30.08.2021 15:10,us-open-2021,3-0,3,5,3-0 | 6-3 | 6-3 | 6-3,6-3,,6-3,,6-3,,,,,
7,3,2,6,66%,62%,"67%
(41/61)","82%
(51/62)","39%
(12/31)","42%
(16/38)",4/9,7/8,"18%
(11/62)","33%
(20/61)","42%
(16/38)","55%
(17/31)",1/8,5/9,27,23,51,31,"52%
(15/29)","75%
(9/12)","58%
(53/92)","67%
(67/100)","33%
(33/100)","42%
(39/92)","45%
(86/192)","55%
(106/192)","67%
(10/15)","93%
(14/15)","7%
(1/15)","33%
(5/15)","37%
(11/30)","63%
(19/30)",3980,4459,berankis-ricardas,schwartzman-diego,30.08.2021 15:10,us-open-2021,0-3,3,5,0-3 | 5-7 | 3-6 | 3-6,5-7,,3-6,,3-6,,,,,
8,14,1,7,59%,59%,"66%
(65/99)","83%
(63/76)","61%
(42/69)","57%
(30/53)",4/5,1/3,"17%
(13/76)","34%
(34/99)","30%
(16/53)","38%
(26/69)",2/3,1/5,39,53,37,48,"80%
(12/15)","72%
(18/25)","64%
(107/168)","72%
(93/129)","28%
(36/129)","36%
(61/168)","48%
(143/297)","52%
(154/297)","96%
(22/23)","91%
(20/22)","9%
(2/22)","4%
(1/23)","53%
(24/45)","47%
(21/45)",7050,6792,donskoy-evgeny,auger-aliassime-felix,30.08.2021 15:10,us-open-2021,1-3,4,5,1-3 | 6-7(0-7) | 6-3 | 6-7(1-7) | 6-7(8-10),6-7,0-7,6-3,,6-7,1-7,6-7,8-10,,
9,15,8,6,58%,59%,"81%
(63/78)","64%
(48/75)","45%
(25/56)","52%
(27/52)",10/14,4/10,"36%
(27/75)","19%
(15/78)","37%
(19/52)","41%
(23/56)",6/10,4/14,53,35,41,29,"92%
(12/13)","67%
(4/6)","66%
(88/134)","59%
(75/127)","41%
(52/127)","34%
(46/134)","54%
(140/261)","46%
(121/261)","95%
(21/22)","73%
(16/22)","27%
(6/22)","18%
(4/22)","61%
(27/44)","45%
(20/44)",5210,5309,gojowczyk-peter,humbert-ugo,30.08.2021 15:10,us-open-2021,3-2,5,5,3-2 | 1-6 | 6-1 | 6-2 | 5-7 | 6-4,1-6,,6-1,,6-2,,5-7,,6-4,
16,3,4,3,57%,59%,"81%
(46/57)","71%
(42/59)","60%
(26/43)","61%
(25/41)",1/2,3/7,"29%
(17/59)","19%
(11/57)","32%
(13/41)","30%
(13/43)",4/7,1/2,33,16,35,43,"88%
(7/8)","54%
(7/13)","72%
(72/100)","67%
(67/100)","33%
(33/100)","28%
(28/100)","53%
(105/200)","48%
(95/200)","93%
(14/15)","75%
(12/16)","25%
(4/16)","7%
(1/15)","58%
(18/31)","42%
(13/31)",5033,4769,laaksonen-henri,millman-john,30.08.2021 15:10,us-open-2021,3-0,3,5,3-0 | 7-6(8-6) | 7-6(7-2) | 6-1,7-6,8-6,7-6,7-2,6-1,,,,,
3,15,6,13,67%,50%,"68%
(53/78)","80%
(53/66)","54%
(21/39)","36%
(24/67)",4/9,9/15,"20%
(13/66)","32%
(25/78)","45%
(30/67)","31%
(12/39)",6/15,5/9,27,56,28,44,"65%
(13/20)","81%
(22/27)","63%
(74/117)","58%
(77/133)","42%
(56/133)","37%
(43/117)","52%
(130/250)","48%
(120/250)","75%
(15/20)","68%
(13/19)","32%
(6/19)","25%
(5/20)","54%
(21/39)","46%
(18/39)",5150,5227,lajovic-dusan,paire-benoit,30.08.2021 15:10,us-open-2021,3-1,4,5,3-1 | 6-3 | 7-5 | 2-6 | 6-4,6-3,,7-5,,2-6,,6-4,,,
27,15,13,3,59%,72%,"82%
(75/91)","75%
(77/103)","50%
(32/64)","75%
(30/40)",4/7,3/5,"25%
(26/103)","18%
(16/91)","18%
(7/40)","30%
(19/64)",2/5,3/7,66,45,50,22,"65%
(44/68)","53%
(10/19)","69%
(107/155)","75%
(107/143)","25%
(36/143)","31%
(48/155)","48%
(143/298)","52%
(155/298)","88%
(23/26)","92%
(24/26)","8%
(2/26)","12%
(3/26)","48%
(25/52)","52%
(27/52)",6286,6825,lopez-feliciano,zapata-miralles-bernabe,30.08.2021 15:10,us-open-2021,2-3,5,5,2-3 | 7-5 | 6-7(6-8) | 6-4 | 3-6 | 3-6,7-5,,6-7,6-8,6-4,,3-6,,3-6,
9,8,4,3,72%,59%,"69%
(63/91)","80%
(56/70)","42%
(15/36)","65%
(32/49)",12/17,4/5,"20%
(14/70)","31%
(28/91)","29%
(14/49)","47%
(17/36)",1/5,5/17,35,45,30,26,"63%
(17/27)","74%
(37/50)","61%
(78/127)","74%
(88/119)","26%
(31/119)","39%
(49/127)","44%
(109/246)","56%
(137/246)","72%
(13/18)","95%
(19/20)","5%
(1/20)","28%
(5/18)","37%
(14/38)","63%
(24/38)",6264,6139,monteiro-thiago,evans-daniel,30.08.2021 15:10,us-open-2021,1-3,4,5,1-3 | 3-6 | 7-6(8-6) | 4-6 | 1-6,3-6,,7-6,8-6,4-6,,1-6,,,
27,49,17,6,62%,65%,"89%
(96/108)","86%
(87/101)","46%
(31/67)","59%
(32/54)",3/3,2/4,"14%
(14/101)","11%
(12/108)","30%
(16/54)","28%
(19/67)",2/4,0/3,69,85,46,35,"78%
(14/18)","76%
(13/17)","73%
(127/175)","77%
(119/155)","23%
(36/155)","27%
(48/175)","49%
(163/330)","51%
(167/330)","100%
(28/28)","93%
(25/27)","7%
(2/27)","0%
(0/28)","55%
(30/55)","45%
(25/55)",5862,6119,vesely-jiri,anderson-kevin,30.08.2021 15:10,us-open-2021,2-3,5,5,2-3 | 6-7(1-7) | 6-4 | 6-3 | 6-7(5-7) | 6-7(4-7),6-7,1-7,6-4,,6-3,,6-7,5-7,6-7,4-7
